CREATE DATABASE  IF NOT EXISTS ecommerce_analysis;
USE ecommerce_analysis;




DROP TABLE IF EXISTS categories;



CREATE TABLE categories(
   Category_ID   INTEGER  NOT NULL PRIMARY KEY 
  ,Category_Name VARCHAR(11) NOT NULL
  ,Description   text
);

INSERT INTO categories(Category_ID,Category_Name,Description) VALUES (1,'Category_1','Description of Category_1');
INSERT INTO categories(Category_ID,Category_Name,Description) VALUES (2,'Category_2','Description of Category_2');
INSERT INTO categories(Category_ID,Category_Name,Description) VALUES (3,'Category_3','Description of Category_3');
INSERT INTO categories(Category_ID,Category_Name,Description) VALUES (4,'Category_4','Description of Category_4');
INSERT INTO categories(Category_ID,Category_Name,Description) VALUES (5,'Category_5','Description of Category_5');
INSERT INTO categories(Category_ID,Category_Name,Description) VALUES (6,'Category_6','Description of Category_6');
INSERT INTO categories(Category_ID,Category_Name,Description) VALUES (7,'Category_7','Description of Category_7');
INSERT INTO categories(Category_ID,Category_Name,Description) VALUES (8,'Category_8','Description of Category_8');
INSERT INTO categories(Category_ID,Category_Name,Description) VALUES (9,'Category_9','Description of Category_9');
INSERT INTO categories(Category_ID,Category_Name,Description) VALUES (10,'Category_10','Description of Category_10');
INSERT INTO categories(Category_ID,Category_Name,Description) VALUES (11,'Category_11','Description of Category_11');
INSERT INTO categories(Category_ID,Category_Name,Description) VALUES (12,'Category_12','Description of Category_12');
INSERT INTO categories(Category_ID,Category_Name,Description) VALUES (13,'Category_13','Description of Category_13');
INSERT INTO categories(Category_ID,Category_Name,Description) VALUES (14,'Category_14','Description of Category_14');
INSERT INTO categories(Category_ID,Category_Name,Description) VALUES (15,'Category_15','Description of Category_15');
INSERT INTO categories(Category_ID,Category_Name,Description) VALUES (16,'Category_16','Description of Category_16');
INSERT INTO categories(Category_ID,Category_Name,Description) VALUES (17,'Category_17','Description of Category_17');
INSERT INTO categories(Category_ID,Category_Name,Description) VALUES (18,'Category_18','Description of Category_18');
INSERT INTO categories(Category_ID,Category_Name,Description) VALUES (19,'Category_19','Description of Category_19');
INSERT INTO categories(Category_ID,Category_Name,Description) VALUES (20,'Category_20','Description of Category_20');
INSERT INTO categories(Category_ID,Category_Name,Description) VALUES (21,'Category_21','Description of Category_21');
INSERT INTO categories(Category_ID,Category_Name,Description) VALUES (22,'Category_22','Description of Category_22');
INSERT INTO categories(Category_ID,Category_Name,Description) VALUES (23,'Category_23','Description of Category_23');
INSERT INTO categories(Category_ID,Category_Name,Description) VALUES (24,'Category_24','Description of Category_24');
INSERT INTO categories(Category_ID,Category_Name,Description) VALUES (25,'Category_25','Description of Category_25');
INSERT INTO categories(Category_ID,Category_Name,Description) VALUES (26,'Category_26','Description of Category_26');
INSERT INTO categories(Category_ID,Category_Name,Description) VALUES (27,'Category_27','Description of Category_27');
INSERT INTO categories(Category_ID,Category_Name,Description) VALUES (28,'Category_28','Description of Category_28');
INSERT INTO categories(Category_ID,Category_Name,Description) VALUES (29,'Category_29','Description of Category_29');
INSERT INTO categories(Category_ID,Category_Name,Description) VALUES (30,'Category_30','Description of Category_30');
INSERT INTO categories(Category_ID,Category_Name,Description) VALUES (31,'Category_31','Description of Category_31');
INSERT INTO categories(Category_ID,Category_Name,Description) VALUES (32,'Category_32','Description of Category_32');
INSERT INTO categories(Category_ID,Category_Name,Description) VALUES (33,'Category_33','Description of Category_33');
INSERT INTO categories(Category_ID,Category_Name,Description) VALUES (34,'Category_34','Description of Category_34');
INSERT INTO categories(Category_ID,Category_Name,Description) VALUES (35,'Category_35','Description of Category_35');
INSERT INTO categories(Category_ID,Category_Name,Description) VALUES (36,'Category_36','Description of Category_36');
INSERT INTO categories(Category_ID,Category_Name,Description) VALUES (37,'Category_37','Description of Category_37');
INSERT INTO categories(Category_ID,Category_Name,Description) VALUES (38,'Category_38','Description of Category_38');
INSERT INTO categories(Category_ID,Category_Name,Description) VALUES (39,'Category_39','Description of Category_39');
INSERT INTO categories(Category_ID,Category_Name,Description) VALUES (40,'Category_40','Description of Category_40');
INSERT INTO categories(Category_ID,Category_Name,Description) VALUES (41,'Category_41','Description of Category_41');
INSERT INTO categories(Category_ID,Category_Name,Description) VALUES (42,'Category_42','Description of Category_42');
INSERT INTO categories(Category_ID,Category_Name,Description) VALUES (43,'Category_43','Description of Category_43');
INSERT INTO categories(Category_ID,Category_Name,Description) VALUES (44,'Category_44','Description of Category_44');
INSERT INTO categories(Category_ID,Category_Name,Description) VALUES (45,'Category_45','Description of Category_45');
INSERT INTO categories(Category_ID,Category_Name,Description) VALUES (46,'Category_46','Description of Category_46');
INSERT INTO categories(Category_ID,Category_Name,Description) VALUES (47,'Category_47','Description of Category_47');
INSERT INTO categories(Category_ID,Category_Name,Description) VALUES (48,'Category_48','Description of Category_48');
INSERT INTO categories(Category_ID,Category_Name,Description) VALUES (49,'Category_49','Description of Category_49');
INSERT INTO categories(Category_ID,Category_Name,Description) VALUES (50,'Category_50','Description of Category_50');



DROP TABLE IF EXISTS customers ;

CREATE TABLE customers(
   Customer_ID   INTEGER  NOT NULL PRIMARY KEY 
  ,Customer_Name VARCHAR(13) NOT NULL
  ,Email         VARCHAR(24) NOT NULL
  ,City          VARCHAR(11) NOT NULL
  ,Join_Date     DATE  NOT NULL
);
INSERT INTO customers(Customer_ID,Customer_Name,Email,City,Join_Date) VALUES (1,'Customer_1','customer1@example.com','Chicago','2022-01-01');
INSERT INTO customers(Customer_ID,Customer_Name,Email,City,Join_Date) VALUES (2,'Customer_2','customer2@example.com','Miami','2022-01-02');
INSERT INTO customers(Customer_ID,Customer_Name,Email,City,Join_Date) VALUES (3,'Customer_3','customer3@example.com','Dallas','2022-01-03');
INSERT INTO customers(Customer_ID,Customer_Name,Email,City,Join_Date) VALUES (4,'Customer_4','customer4@example.com','Miami','2022-01-04');
INSERT INTO customers(Customer_ID,Customer_Name,Email,City,Join_Date) VALUES (5,'Customer_5','customer5@example.com','Boston','2022-01-05');
INSERT INTO customers(Customer_ID,Customer_Name,Email,City,Join_Date) VALUES (6,'Customer_6','customer6@example.com','Dallas','2022-01-06');
INSERT INTO customers(Customer_ID,Customer_Name,Email,City,Join_Date) VALUES (7,'Customer_7','customer7@example.com','Seattle','2022-01-07');
INSERT INTO customers(Customer_ID,Customer_Name,Email,City,Join_Date) VALUES (8,'Customer_8','customer8@example.com','Boston','2022-01-08');
INSERT INTO customers(Customer_ID,Customer_Name,Email,City,Join_Date) VALUES (9,'Customer_9','customer9@example.com','Los Angeles','2022-01-09');
INSERT INTO customers(Customer_ID,Customer_Name,Email,City,Join_Date) VALUES (10,'Customer_10','customer10@example.com','Miami','2022-01-10');
INSERT INTO customers(Customer_ID,Customer_Name,Email,City,Join_Date) VALUES (11,'Customer_11','customer11@example.com','Seattle','2022-01-11');
INSERT INTO customers(Customer_ID,Customer_Name,Email,City,Join_Date) VALUES (12,'Customer_12','customer12@example.com','Boston','2022-01-12');
INSERT INTO customers(Customer_ID,Customer_Name,Email,City,Join_Date) VALUES (13,'Customer_13','customer13@example.com','Houston','2022-01-13');
INSERT INTO customers(Customer_ID,Customer_Name,Email,City,Join_Date) VALUES (14,'Customer_14','customer14@example.com','Seattle','2022-01-14');
INSERT INTO customers(Customer_ID,Customer_Name,Email,City,Join_Date) VALUES (15,'Customer_15','customer15@example.com','New York','2022-01-15');
INSERT INTO customers(Customer_ID,Customer_Name,Email,City,Join_Date) VALUES (16,'Customer_16','customer16@example.com','Houston','2022-01-16');
INSERT INTO customers(Customer_ID,Customer_Name,Email,City,Join_Date) VALUES (17,'Customer_17','customer17@example.com','Seattle','2022-01-17');
INSERT INTO customers(Customer_ID,Customer_Name,Email,City,Join_Date) VALUES (18,'Customer_18','customer18@example.com','Miami','2022-01-18');
INSERT INTO customers(Customer_ID,Customer_Name,Email,City,Join_Date) VALUES (19,'Customer_19','customer19@example.com','Seattle','2022-01-19');
INSERT INTO customers(Customer_ID,Customer_Name,Email,City,Join_Date) VALUES (20,'Customer_20','customer20@example.com','Dallas','2022-01-20');
INSERT INTO customers(Customer_ID,Customer_Name,Email,City,Join_Date) VALUES (21,'Customer_21','customer21@example.com','Houston','2022-01-21');
INSERT INTO customers(Customer_ID,Customer_Name,Email,City,Join_Date) VALUES (22,'Customer_22','customer22@example.com','Los Angeles','2022-01-22');
INSERT INTO customers(Customer_ID,Customer_Name,Email,City,Join_Date) VALUES (23,'Customer_23','customer23@example.com','Houston','2022-01-23');
INSERT INTO customers(Customer_ID,Customer_Name,Email,City,Join_Date) VALUES (24,'Customer_24','customer24@example.com','New York','2022-01-24');
INSERT INTO customers(Customer_ID,Customer_Name,Email,City,Join_Date) VALUES (25,'Customer_25','customer25@example.com','Miami','2022-01-25');
INSERT INTO customers(Customer_ID,Customer_Name,Email,City,Join_Date) VALUES (26,'Customer_26','customer26@example.com','Chicago','2022-01-26');
INSERT INTO customers(Customer_ID,Customer_Name,Email,City,Join_Date) VALUES (27,'Customer_27','customer27@example.com','Seattle','2022-01-27');
INSERT INTO customers(Customer_ID,Customer_Name,Email,City,Join_Date) VALUES (28,'Customer_28','customer28@example.com','Houston','2022-01-28');
INSERT INTO customers(Customer_ID,Customer_Name,Email,City,Join_Date) VALUES (29,'Customer_29','customer29@example.com','Chicago','2022-01-29');
INSERT INTO customers(Customer_ID,Customer_Name,Email,City,Join_Date) VALUES (30,'Customer_30','customer30@example.com','Los Angeles','2022-01-30');
INSERT INTO customers(Customer_ID,Customer_Name,Email,City,Join_Date) VALUES (31,'Customer_31','customer31@example.com','Chicago','2022-01-31');
INSERT INTO customers(Customer_ID,Customer_Name,Email,City,Join_Date) VALUES (32,'Customer_32','customer32@example.com','Boston','2022-02-01');
INSERT INTO customers(Customer_ID,Customer_Name,Email,City,Join_Date) VALUES (33,'Customer_33','customer33@example.com','Los Angeles','2022-02-02');
INSERT INTO customers(Customer_ID,Customer_Name,Email,City,Join_Date) VALUES (34,'Customer_34','customer34@example.com','Miami','2022-02-03');
INSERT INTO customers(Customer_ID,Customer_Name,Email,City,Join_Date) VALUES (35,'Customer_35','customer35@example.com','Boston','2022-02-04');
INSERT INTO customers(Customer_ID,Customer_Name,Email,City,Join_Date) VALUES (36,'Customer_36','customer36@example.com','Seattle','2022-02-05');
INSERT INTO customers(Customer_ID,Customer_Name,Email,City,Join_Date) VALUES (37,'Customer_37','customer37@example.com','Miami','2022-02-06');
INSERT INTO customers(Customer_ID,Customer_Name,Email,City,Join_Date) VALUES (38,'Customer_38','customer38@example.com','Chicago','2022-02-07');
INSERT INTO customers(Customer_ID,Customer_Name,Email,City,Join_Date) VALUES (39,'Customer_39','customer39@example.com','Los Angeles','2022-02-08');
INSERT INTO customers(Customer_ID,Customer_Name,Email,City,Join_Date) VALUES (40,'Customer_40','customer40@example.com','Boston','2022-02-09');
INSERT INTO customers(Customer_ID,Customer_Name,Email,City,Join_Date) VALUES (41,'Customer_41','customer41@example.com','Miami','2022-02-10');
INSERT INTO customers(Customer_ID,Customer_Name,Email,City,Join_Date) VALUES (42,'Customer_42','customer42@example.com','Dallas','2022-02-11');
INSERT INTO customers(Customer_ID,Customer_Name,Email,City,Join_Date) VALUES (43,'Customer_43','customer43@example.com','Miami','2022-02-12');
INSERT INTO customers(Customer_ID,Customer_Name,Email,City,Join_Date) VALUES (44,'Customer_44','customer44@example.com','New York','2022-02-13');
INSERT INTO customers(Customer_ID,Customer_Name,Email,City,Join_Date) VALUES (45,'Customer_45','customer45@example.com','Houston','2022-02-14');
INSERT INTO customers(Customer_ID,Customer_Name,Email,City,Join_Date) VALUES (46,'Customer_46','customer46@example.com','Miami','2022-02-15');
INSERT INTO customers(Customer_ID,Customer_Name,Email,City,Join_Date) VALUES (47,'Customer_47','customer47@example.com','Los Angeles','2022-02-16');
INSERT INTO customers(Customer_ID,Customer_Name,Email,City,Join_Date) VALUES (48,'Customer_48','customer48@example.com','Chicago','2022-02-17');
INSERT INTO customers(Customer_ID,Customer_Name,Email,City,Join_Date) VALUES (49,'Customer_49','customer49@example.com','Chicago','2022-02-18');
INSERT INTO customers(Customer_ID,Customer_Name,Email,City,Join_Date) VALUES (50,'Customer_50','customer50@example.com','Los Angeles','2022-02-19');
INSERT INTO customers(Customer_ID,Customer_Name,Email,City,Join_Date) VALUES (51,'Customer_51','customer51@example.com','Houston','2022-02-20');
INSERT INTO customers(Customer_ID,Customer_Name,Email,City,Join_Date) VALUES (52,'Customer_52','customer52@example.com','New York','2022-02-21');
INSERT INTO customers(Customer_ID,Customer_Name,Email,City,Join_Date) VALUES (53,'Customer_53','customer53@example.com','Seattle','2022-02-22');
INSERT INTO customers(Customer_ID,Customer_Name,Email,City,Join_Date) VALUES (54,'Customer_54','customer54@example.com','Houston','2022-02-23');
INSERT INTO customers(Customer_ID,Customer_Name,Email,City,Join_Date) VALUES (55,'Customer_55','customer55@example.com','Houston','2022-02-24');
INSERT INTO customers(Customer_ID,Customer_Name,Email,City,Join_Date) VALUES (56,'Customer_56','customer56@example.com','Houston','2022-02-25');
INSERT INTO customers(Customer_ID,Customer_Name,Email,City,Join_Date) VALUES (57,'Customer_57','customer57@example.com','Chicago','2022-02-26');
INSERT INTO customers(Customer_ID,Customer_Name,Email,City,Join_Date) VALUES (58,'Customer_58','customer58@example.com','Chicago','2022-02-27');
INSERT INTO customers(Customer_ID,Customer_Name,Email,City,Join_Date) VALUES (59,'Customer_59','customer59@example.com','Los Angeles','2022-02-28');
INSERT INTO customers(Customer_ID,Customer_Name,Email,City,Join_Date) VALUES (60,'Customer_60','customer60@example.com','Los Angeles','2022-03-01');
INSERT INTO customers(Customer_ID,Customer_Name,Email,City,Join_Date) VALUES (61,'Customer_61','customer61@example.com','Dallas','2022-03-02');
INSERT INTO customers(Customer_ID,Customer_Name,Email,City,Join_Date) VALUES (62,'Customer_62','customer62@example.com','Chicago','2022-03-03');
INSERT INTO customers(Customer_ID,Customer_Name,Email,City,Join_Date) VALUES (63,'Customer_63','customer63@example.com','Seattle','2022-03-04');
INSERT INTO customers(Customer_ID,Customer_Name,Email,City,Join_Date) VALUES (64,'Customer_64','customer64@example.com','Houston','2022-03-05');
INSERT INTO customers(Customer_ID,Customer_Name,Email,City,Join_Date) VALUES (65,'Customer_65','customer65@example.com','Seattle','2022-03-06');
INSERT INTO customers(Customer_ID,Customer_Name,Email,City,Join_Date) VALUES (66,'Customer_66','customer66@example.com','Chicago','2022-03-07');
INSERT INTO customers(Customer_ID,Customer_Name,Email,City,Join_Date) VALUES (67,'Customer_67','customer67@example.com','Houston','2022-03-08');
INSERT INTO customers(Customer_ID,Customer_Name,Email,City,Join_Date) VALUES (68,'Customer_68','customer68@example.com','Chicago','2022-03-09');
INSERT INTO customers(Customer_ID,Customer_Name,Email,City,Join_Date) VALUES (69,'Customer_69','customer69@example.com','Seattle','2022-03-10');
INSERT INTO customers(Customer_ID,Customer_Name,Email,City,Join_Date) VALUES (70,'Customer_70','customer70@example.com','Dallas','2022-03-11');
INSERT INTO customers(Customer_ID,Customer_Name,Email,City,Join_Date) VALUES (71,'Customer_71','customer71@example.com','Houston','2022-03-12');
INSERT INTO customers(Customer_ID,Customer_Name,Email,City,Join_Date) VALUES (72,'Customer_72','customer72@example.com','Los Angeles','2022-03-13');
INSERT INTO customers(Customer_ID,Customer_Name,Email,City,Join_Date) VALUES (73,'Customer_73','customer73@example.com','New York','2022-03-14');
INSERT INTO customers(Customer_ID,Customer_Name,Email,City,Join_Date) VALUES (74,'Customer_74','customer74@example.com','Miami','2022-03-15');
INSERT INTO customers(Customer_ID,Customer_Name,Email,City,Join_Date) VALUES (75,'Customer_75','customer75@example.com','Miami','2022-03-16');
INSERT INTO customers(Customer_ID,Customer_Name,Email,City,Join_Date) VALUES (76,'Customer_76','customer76@example.com','Chicago','2022-03-17');
INSERT INTO customers(Customer_ID,Customer_Name,Email,City,Join_Date) VALUES (77,'Customer_77','customer77@example.com','Boston','2022-03-18');
INSERT INTO customers(Customer_ID,Customer_Name,Email,City,Join_Date) VALUES (78,'Customer_78','customer78@example.com','Miami','2022-03-19');
INSERT INTO customers(Customer_ID,Customer_Name,Email,City,Join_Date) VALUES (79,'Customer_79','customer79@example.com','Miami','2022-03-20');
INSERT INTO customers(Customer_ID,Customer_Name,Email,City,Join_Date) VALUES (80,'Customer_80','customer80@example.com','Houston','2022-03-21');
INSERT INTO customers(Customer_ID,Customer_Name,Email,City,Join_Date) VALUES (81,'Customer_81','customer81@example.com','Dallas','2022-03-22');
INSERT INTO customers(Customer_ID,Customer_Name,Email,City,Join_Date) VALUES (82,'Customer_82','customer82@example.com','Dallas','2022-03-23');
INSERT INTO customers(Customer_ID,Customer_Name,Email,City,Join_Date) VALUES (83,'Customer_83','customer83@example.com','Miami','2022-03-24');
INSERT INTO customers(Customer_ID,Customer_Name,Email,City,Join_Date) VALUES (84,'Customer_84','customer84@example.com','Los Angeles','2022-03-25');
INSERT INTO customers(Customer_ID,Customer_Name,Email,City,Join_Date) VALUES (85,'Customer_85','customer85@example.com','New York','2022-03-26');
INSERT INTO customers(Customer_ID,Customer_Name,Email,City,Join_Date) VALUES (86,'Customer_86','customer86@example.com','Dallas','2022-03-27');
INSERT INTO customers(Customer_ID,Customer_Name,Email,City,Join_Date) VALUES (87,'Customer_87','customer87@example.com','Chicago','2022-03-28');
INSERT INTO customers(Customer_ID,Customer_Name,Email,City,Join_Date) VALUES (88,'Customer_88','customer88@example.com','Boston','2022-03-29');
INSERT INTO customers(Customer_ID,Customer_Name,Email,City,Join_Date) VALUES (89,'Customer_89','customer89@example.com','New York','2022-03-30');
INSERT INTO customers(Customer_ID,Customer_Name,Email,City,Join_Date) VALUES (90,'Customer_90','customer90@example.com','Seattle','2022-03-31');
INSERT INTO customers(Customer_ID,Customer_Name,Email,City,Join_Date) VALUES (91,'Customer_91','customer91@example.com','New York','2022-04-01');
INSERT INTO customers(Customer_ID,Customer_Name,Email,City,Join_Date) VALUES (92,'Customer_92','customer92@example.com','Seattle','2022-04-02');
INSERT INTO customers(Customer_ID,Customer_Name,Email,City,Join_Date) VALUES (93,'Customer_93','customer93@example.com','Chicago','2022-04-03');
INSERT INTO customers(Customer_ID,Customer_Name,Email,City,Join_Date) VALUES (94,'Customer_94','customer94@example.com','Seattle','2022-04-04');
INSERT INTO customers(Customer_ID,Customer_Name,Email,City,Join_Date) VALUES (95,'Customer_95','customer95@example.com','Miami','2022-04-05');
INSERT INTO customers(Customer_ID,Customer_Name,Email,City,Join_Date) VALUES (96,'Customer_96','customer96@example.com','Los Angeles','2022-04-06');
INSERT INTO customers(Customer_ID,Customer_Name,Email,City,Join_Date) VALUES (97,'Customer_97','customer97@example.com','Seattle','2022-04-07');
INSERT INTO customers(Customer_ID,Customer_Name,Email,City,Join_Date) VALUES (98,'Customer_98','customer98@example.com','Miami','2022-04-08');
INSERT INTO customers(Customer_ID,Customer_Name,Email,City,Join_Date) VALUES (99,'Customer_99','customer99@example.com','Houston','2022-04-09');
INSERT INTO customers(Customer_ID,Customer_Name,Email,City,Join_Date) VALUES (100,'Customer_100','customer100@example.com','Miami','2022-04-10');
INSERT INTO customers(Customer_ID,Customer_Name,Email,City,Join_Date) VALUES (101,'Customer_101','customer101@example.com','Miami','2022-04-11');
INSERT INTO customers(Customer_ID,Customer_Name,Email,City,Join_Date) VALUES (102,'Customer_102','customer102@example.com','New York','2022-04-12');
INSERT INTO customers(Customer_ID,Customer_Name,Email,City,Join_Date) VALUES (103,'Customer_103','customer103@example.com','Los Angeles','2022-04-13');
INSERT INTO customers(Customer_ID,Customer_Name,Email,City,Join_Date) VALUES (104,'Customer_104','customer104@example.com','Dallas','2022-04-14');
INSERT INTO customers(Customer_ID,Customer_Name,Email,City,Join_Date) VALUES (105,'Customer_105','customer105@example.com','New York','2022-04-15');
INSERT INTO customers(Customer_ID,Customer_Name,Email,City,Join_Date) VALUES (106,'Customer_106','customer106@example.com','Boston','2022-04-16');
INSERT INTO customers(Customer_ID,Customer_Name,Email,City,Join_Date) VALUES (107,'Customer_107','customer107@example.com','Los Angeles','2022-04-17');
INSERT INTO customers(Customer_ID,Customer_Name,Email,City,Join_Date) VALUES (108,'Customer_108','customer108@example.com','Boston','2022-04-18');
INSERT INTO customers(Customer_ID,Customer_Name,Email,City,Join_Date) VALUES (109,'Customer_109','customer109@example.com','New York','2022-04-19');
INSERT INTO customers(Customer_ID,Customer_Name,Email,City,Join_Date) VALUES (110,'Customer_110','customer110@example.com','Miami','2022-04-20');
INSERT INTO customers(Customer_ID,Customer_Name,Email,City,Join_Date) VALUES (111,'Customer_111','customer111@example.com','Dallas','2022-04-21');
INSERT INTO customers(Customer_ID,Customer_Name,Email,City,Join_Date) VALUES (112,'Customer_112','customer112@example.com','Houston','2022-04-22');
INSERT INTO customers(Customer_ID,Customer_Name,Email,City,Join_Date) VALUES (113,'Customer_113','customer113@example.com','Boston','2022-04-23');
INSERT INTO customers(Customer_ID,Customer_Name,Email,City,Join_Date) VALUES (114,'Customer_114','customer114@example.com','Chicago','2022-04-24');
INSERT INTO customers(Customer_ID,Customer_Name,Email,City,Join_Date) VALUES (115,'Customer_115','customer115@example.com','Dallas','2022-04-25');
INSERT INTO customers(Customer_ID,Customer_Name,Email,City,Join_Date) VALUES (116,'Customer_116','customer116@example.com','Dallas','2022-04-26');
INSERT INTO customers(Customer_ID,Customer_Name,Email,City,Join_Date) VALUES (117,'Customer_117','customer117@example.com','Boston','2022-04-27');
INSERT INTO customers(Customer_ID,Customer_Name,Email,City,Join_Date) VALUES (118,'Customer_118','customer118@example.com','New York','2022-04-28');
INSERT INTO customers(Customer_ID,Customer_Name,Email,City,Join_Date) VALUES (119,'Customer_119','customer119@example.com','Miami','2022-04-29');
INSERT INTO customers(Customer_ID,Customer_Name,Email,City,Join_Date) VALUES (120,'Customer_120','customer120@example.com','Dallas','2022-04-30');
INSERT INTO customers(Customer_ID,Customer_Name,Email,City,Join_Date) VALUES (121,'Customer_121','customer121@example.com','Boston','2022-05-01');
INSERT INTO customers(Customer_ID,Customer_Name,Email,City,Join_Date) VALUES (122,'Customer_122','customer122@example.com','Dallas','2022-05-02');
INSERT INTO customers(Customer_ID,Customer_Name,Email,City,Join_Date) VALUES (123,'Customer_123','customer123@example.com','Boston','2022-05-03');
INSERT INTO customers(Customer_ID,Customer_Name,Email,City,Join_Date) VALUES (124,'Customer_124','customer124@example.com','Houston','2022-05-04');
INSERT INTO customers(Customer_ID,Customer_Name,Email,City,Join_Date) VALUES (125,'Customer_125','customer125@example.com','Miami','2022-05-05');
INSERT INTO customers(Customer_ID,Customer_Name,Email,City,Join_Date) VALUES (126,'Customer_126','customer126@example.com','Dallas','2022-05-06');
INSERT INTO customers(Customer_ID,Customer_Name,Email,City,Join_Date) VALUES (127,'Customer_127','customer127@example.com','Miami','2022-05-07');
INSERT INTO customers(Customer_ID,Customer_Name,Email,City,Join_Date) VALUES (128,'Customer_128','customer128@example.com','Los Angeles','2022-05-08');
INSERT INTO customers(Customer_ID,Customer_Name,Email,City,Join_Date) VALUES (129,'Customer_129','customer129@example.com','Los Angeles','2022-05-09');
INSERT INTO customers(Customer_ID,Customer_Name,Email,City,Join_Date) VALUES (130,'Customer_130','customer130@example.com','Houston','2022-05-10');
INSERT INTO customers(Customer_ID,Customer_Name,Email,City,Join_Date) VALUES (131,'Customer_131','customer131@example.com','Dallas','2022-05-11');
INSERT INTO customers(Customer_ID,Customer_Name,Email,City,Join_Date) VALUES (132,'Customer_132','customer132@example.com','Seattle','2022-05-12');
INSERT INTO customers(Customer_ID,Customer_Name,Email,City,Join_Date) VALUES (133,'Customer_133','customer133@example.com','Miami','2022-05-13');
INSERT INTO customers(Customer_ID,Customer_Name,Email,City,Join_Date) VALUES (134,'Customer_134','customer134@example.com','Dallas','2022-05-14');
INSERT INTO customers(Customer_ID,Customer_Name,Email,City,Join_Date) VALUES (135,'Customer_135','customer135@example.com','Boston','2022-05-15');
INSERT INTO customers(Customer_ID,Customer_Name,Email,City,Join_Date) VALUES (136,'Customer_136','customer136@example.com','Los Angeles','2022-05-16');
INSERT INTO customers(Customer_ID,Customer_Name,Email,City,Join_Date) VALUES (137,'Customer_137','customer137@example.com','Seattle','2022-05-17');
INSERT INTO customers(Customer_ID,Customer_Name,Email,City,Join_Date) VALUES (138,'Customer_138','customer138@example.com','Los Angeles','2022-05-18');
INSERT INTO customers(Customer_ID,Customer_Name,Email,City,Join_Date) VALUES (139,'Customer_139','customer139@example.com','New York','2022-05-19');
INSERT INTO customers(Customer_ID,Customer_Name,Email,City,Join_Date) VALUES (140,'Customer_140','customer140@example.com','Dallas','2022-05-20');
INSERT INTO customers(Customer_ID,Customer_Name,Email,City,Join_Date) VALUES (141,'Customer_141','customer141@example.com','Chicago','2022-05-21');
INSERT INTO customers(Customer_ID,Customer_Name,Email,City,Join_Date) VALUES (142,'Customer_142','customer142@example.com','Dallas','2022-05-22');
INSERT INTO customers(Customer_ID,Customer_Name,Email,City,Join_Date) VALUES (143,'Customer_143','customer143@example.com','Los Angeles','2022-05-23');
INSERT INTO customers(Customer_ID,Customer_Name,Email,City,Join_Date) VALUES (144,'Customer_144','customer144@example.com','Los Angeles','2022-05-24');
INSERT INTO customers(Customer_ID,Customer_Name,Email,City,Join_Date) VALUES (145,'Customer_145','customer145@example.com','Seattle','2022-05-25');
INSERT INTO customers(Customer_ID,Customer_Name,Email,City,Join_Date) VALUES (146,'Customer_146','customer146@example.com','Dallas','2022-05-26');
INSERT INTO customers(Customer_ID,Customer_Name,Email,City,Join_Date) VALUES (147,'Customer_147','customer147@example.com','Los Angeles','2022-05-27');
INSERT INTO customers(Customer_ID,Customer_Name,Email,City,Join_Date) VALUES (148,'Customer_148','customer148@example.com','Houston','2022-05-28');
INSERT INTO customers(Customer_ID,Customer_Name,Email,City,Join_Date) VALUES (149,'Customer_149','customer149@example.com','Boston','2022-05-29');
INSERT INTO customers(Customer_ID,Customer_Name,Email,City,Join_Date) VALUES (150,'Customer_150','customer150@example.com','Houston','2022-05-30');
INSERT INTO customers(Customer_ID,Customer_Name,Email,City,Join_Date) VALUES (151,'Customer_151','customer151@example.com','New York','2022-05-31');
INSERT INTO customers(Customer_ID,Customer_Name,Email,City,Join_Date) VALUES (152,'Customer_152','customer152@example.com','Dallas','2022-06-01');
INSERT INTO customers(Customer_ID,Customer_Name,Email,City,Join_Date) VALUES (153,'Customer_153','customer153@example.com','Miami','2022-06-02');
INSERT INTO customers(Customer_ID,Customer_Name,Email,City,Join_Date) VALUES (154,'Customer_154','customer154@example.com','New York','2022-06-03');
INSERT INTO customers(Customer_ID,Customer_Name,Email,City,Join_Date) VALUES (155,'Customer_155','customer155@example.com','Dallas','2022-06-04');
INSERT INTO customers(Customer_ID,Customer_Name,Email,City,Join_Date) VALUES (156,'Customer_156','customer156@example.com','New York','2022-06-05');
INSERT INTO customers(Customer_ID,Customer_Name,Email,City,Join_Date) VALUES (157,'Customer_157','customer157@example.com','Seattle','2022-06-06');
INSERT INTO customers(Customer_ID,Customer_Name,Email,City,Join_Date) VALUES (158,'Customer_158','customer158@example.com','Chicago','2022-06-07');
INSERT INTO customers(Customer_ID,Customer_Name,Email,City,Join_Date) VALUES (159,'Customer_159','customer159@example.com','Boston','2022-06-08');
INSERT INTO customers(Customer_ID,Customer_Name,Email,City,Join_Date) VALUES (160,'Customer_160','customer160@example.com','Seattle','2022-06-09');
INSERT INTO customers(Customer_ID,Customer_Name,Email,City,Join_Date) VALUES (161,'Customer_161','customer161@example.com','Dallas','2022-06-10');
INSERT INTO customers(Customer_ID,Customer_Name,Email,City,Join_Date) VALUES (162,'Customer_162','customer162@example.com','Los Angeles','2022-06-11');
INSERT INTO customers(Customer_ID,Customer_Name,Email,City,Join_Date) VALUES (163,'Customer_163','customer163@example.com','Boston','2022-06-12');
INSERT INTO customers(Customer_ID,Customer_Name,Email,City,Join_Date) VALUES (164,'Customer_164','customer164@example.com','Chicago','2022-06-13');
INSERT INTO customers(Customer_ID,Customer_Name,Email,City,Join_Date) VALUES (165,'Customer_165','customer165@example.com','Miami','2022-06-14');
INSERT INTO customers(Customer_ID,Customer_Name,Email,City,Join_Date) VALUES (166,'Customer_166','customer166@example.com','Boston','2022-06-15');
INSERT INTO customers(Customer_ID,Customer_Name,Email,City,Join_Date) VALUES (167,'Customer_167','customer167@example.com','Boston','2022-06-16');
INSERT INTO customers(Customer_ID,Customer_Name,Email,City,Join_Date) VALUES (168,'Customer_168','customer168@example.com','Boston','2022-06-17');
INSERT INTO customers(Customer_ID,Customer_Name,Email,City,Join_Date) VALUES (169,'Customer_169','customer169@example.com','Houston','2022-06-18');
INSERT INTO customers(Customer_ID,Customer_Name,Email,City,Join_Date) VALUES (170,'Customer_170','customer170@example.com','Los Angeles','2022-06-19');
INSERT INTO customers(Customer_ID,Customer_Name,Email,City,Join_Date) VALUES (171,'Customer_171','customer171@example.com','New York','2022-06-20');
INSERT INTO customers(Customer_ID,Customer_Name,Email,City,Join_Date) VALUES (172,'Customer_172','customer172@example.com','Los Angeles','2022-06-21');
INSERT INTO customers(Customer_ID,Customer_Name,Email,City,Join_Date) VALUES (173,'Customer_173','customer173@example.com','Seattle','2022-06-22');
INSERT INTO customers(Customer_ID,Customer_Name,Email,City,Join_Date) VALUES (174,'Customer_174','customer174@example.com','New York','2022-06-23');
INSERT INTO customers(Customer_ID,Customer_Name,Email,City,Join_Date) VALUES (175,'Customer_175','customer175@example.com','Boston','2022-06-24');
INSERT INTO customers(Customer_ID,Customer_Name,Email,City,Join_Date) VALUES (176,'Customer_176','customer176@example.com','Los Angeles','2022-06-25');
INSERT INTO customers(Customer_ID,Customer_Name,Email,City,Join_Date) VALUES (177,'Customer_177','customer177@example.com','Miami','2022-06-26');
INSERT INTO customers(Customer_ID,Customer_Name,Email,City,Join_Date) VALUES (178,'Customer_178','customer178@example.com','Seattle','2022-06-27');
INSERT INTO customers(Customer_ID,Customer_Name,Email,City,Join_Date) VALUES (179,'Customer_179','customer179@example.com','Houston','2022-06-28');
INSERT INTO customers(Customer_ID,Customer_Name,Email,City,Join_Date) VALUES (180,'Customer_180','customer180@example.com','Houston','2022-06-29');
INSERT INTO customers(Customer_ID,Customer_Name,Email,City,Join_Date) VALUES (181,'Customer_181','customer181@example.com','New York','2022-06-30');
INSERT INTO customers(Customer_ID,Customer_Name,Email,City,Join_Date) VALUES (182,'Customer_182','customer182@example.com','New York','2022-07-01');
INSERT INTO customers(Customer_ID,Customer_Name,Email,City,Join_Date) VALUES (183,'Customer_183','customer183@example.com','Houston','2022-07-02');
INSERT INTO customers(Customer_ID,Customer_Name,Email,City,Join_Date) VALUES (184,'Customer_184','customer184@example.com','Los Angeles','2022-07-03');
INSERT INTO customers(Customer_ID,Customer_Name,Email,City,Join_Date) VALUES (185,'Customer_185','customer185@example.com','Chicago','2022-07-04');
INSERT INTO customers(Customer_ID,Customer_Name,Email,City,Join_Date) VALUES (186,'Customer_186','customer186@example.com','Boston','2022-07-05');
INSERT INTO customers(Customer_ID,Customer_Name,Email,City,Join_Date) VALUES (187,'Customer_187','customer187@example.com','Miami','2022-07-06');
INSERT INTO customers(Customer_ID,Customer_Name,Email,City,Join_Date) VALUES (188,'Customer_188','customer188@example.com','Seattle','2022-07-07');
INSERT INTO customers(Customer_ID,Customer_Name,Email,City,Join_Date) VALUES (189,'Customer_189','customer189@example.com','Seattle','2022-07-08');
INSERT INTO customers(Customer_ID,Customer_Name,Email,City,Join_Date) VALUES (190,'Customer_190','customer190@example.com','Chicago','2022-07-09');
INSERT INTO customers(Customer_ID,Customer_Name,Email,City,Join_Date) VALUES (191,'Customer_191','customer191@example.com','Miami','2022-07-10');
INSERT INTO customers(Customer_ID,Customer_Name,Email,City,Join_Date) VALUES (192,'Customer_192','customer192@example.com','Miami','2022-07-11');
INSERT INTO customers(Customer_ID,Customer_Name,Email,City,Join_Date) VALUES (193,'Customer_193','customer193@example.com','Seattle','2022-07-12');
INSERT INTO customers(Customer_ID,Customer_Name,Email,City,Join_Date) VALUES (194,'Customer_194','customer194@example.com','Houston','2022-07-13');
INSERT INTO customers(Customer_ID,Customer_Name,Email,City,Join_Date) VALUES (195,'Customer_195','customer195@example.com','Seattle','2022-07-14');
INSERT INTO customers(Customer_ID,Customer_Name,Email,City,Join_Date) VALUES (196,'Customer_196','customer196@example.com','Miami','2022-07-15');
INSERT INTO customers(Customer_ID,Customer_Name,Email,City,Join_Date) VALUES (197,'Customer_197','customer197@example.com','Miami','2022-07-16');
INSERT INTO customers(Customer_ID,Customer_Name,Email,City,Join_Date) VALUES (198,'Customer_198','customer198@example.com','Chicago','2022-07-17');
INSERT INTO customers(Customer_ID,Customer_Name,Email,City,Join_Date) VALUES (199,'Customer_199','customer199@example.com','New York','2022-07-18');
INSERT INTO customers(Customer_ID,Customer_Name,Email,City,Join_Date) VALUES (200,'Customer_200','customer200@example.com','Houston','2022-07-19');
INSERT INTO customers(Customer_ID,Customer_Name,Email,City,Join_Date) VALUES (201,'Customer_201','customer201@example.com','Houston','2022-07-20');
INSERT INTO customers(Customer_ID,Customer_Name,Email,City,Join_Date) VALUES (202,'Customer_202','customer202@example.com','Chicago','2022-07-21');
INSERT INTO customers(Customer_ID,Customer_Name,Email,City,Join_Date) VALUES (203,'Customer_203','customer203@example.com','Seattle','2022-07-22');
INSERT INTO customers(Customer_ID,Customer_Name,Email,City,Join_Date) VALUES (204,'Customer_204','customer204@example.com','Dallas','2022-07-23');
INSERT INTO customers(Customer_ID,Customer_Name,Email,City,Join_Date) VALUES (205,'Customer_205','customer205@example.com','Seattle','2022-07-24');
INSERT INTO customers(Customer_ID,Customer_Name,Email,City,Join_Date) VALUES (206,'Customer_206','customer206@example.com','New York','2022-07-25');
INSERT INTO customers(Customer_ID,Customer_Name,Email,City,Join_Date) VALUES (207,'Customer_207','customer207@example.com','Los Angeles','2022-07-26');
INSERT INTO customers(Customer_ID,Customer_Name,Email,City,Join_Date) VALUES (208,'Customer_208','customer208@example.com','Boston','2022-07-27');
INSERT INTO customers(Customer_ID,Customer_Name,Email,City,Join_Date) VALUES (209,'Customer_209','customer209@example.com','Miami','2022-07-28');
INSERT INTO customers(Customer_ID,Customer_Name,Email,City,Join_Date) VALUES (210,'Customer_210','customer210@example.com','Seattle','2022-07-29');
INSERT INTO customers(Customer_ID,Customer_Name,Email,City,Join_Date) VALUES (211,'Customer_211','customer211@example.com','Miami','2022-07-30');
INSERT INTO customers(Customer_ID,Customer_Name,Email,City,Join_Date) VALUES (212,'Customer_212','customer212@example.com','Dallas','2022-07-31');
INSERT INTO customers(Customer_ID,Customer_Name,Email,City,Join_Date) VALUES (213,'Customer_213','customer213@example.com','Dallas','2022-08-01');
INSERT INTO customers(Customer_ID,Customer_Name,Email,City,Join_Date) VALUES (214,'Customer_214','customer214@example.com','Chicago','2022-08-02');
INSERT INTO customers(Customer_ID,Customer_Name,Email,City,Join_Date) VALUES (215,'Customer_215','customer215@example.com','Seattle','2022-08-03');
INSERT INTO customers(Customer_ID,Customer_Name,Email,City,Join_Date) VALUES (216,'Customer_216','customer216@example.com','Seattle','2022-08-04');
INSERT INTO customers(Customer_ID,Customer_Name,Email,City,Join_Date) VALUES (217,'Customer_217','customer217@example.com','Houston','2022-08-05');
INSERT INTO customers(Customer_ID,Customer_Name,Email,City,Join_Date) VALUES (218,'Customer_218','customer218@example.com','Chicago','2022-08-06');
INSERT INTO customers(Customer_ID,Customer_Name,Email,City,Join_Date) VALUES (219,'Customer_219','customer219@example.com','Boston','2022-08-07');
INSERT INTO customers(Customer_ID,Customer_Name,Email,City,Join_Date) VALUES (220,'Customer_220','customer220@example.com','Houston','2022-08-08');
INSERT INTO customers(Customer_ID,Customer_Name,Email,City,Join_Date) VALUES (221,'Customer_221','customer221@example.com','Seattle','2022-08-09');
INSERT INTO customers(Customer_ID,Customer_Name,Email,City,Join_Date) VALUES (222,'Customer_222','customer222@example.com','Seattle','2022-08-10');
INSERT INTO customers(Customer_ID,Customer_Name,Email,City,Join_Date) VALUES (223,'Customer_223','customer223@example.com','Seattle','2022-08-11');
INSERT INTO customers(Customer_ID,Customer_Name,Email,City,Join_Date) VALUES (224,'Customer_224','customer224@example.com','Houston','2022-08-12');
INSERT INTO customers(Customer_ID,Customer_Name,Email,City,Join_Date) VALUES (225,'Customer_225','customer225@example.com','Seattle','2022-08-13');
INSERT INTO customers(Customer_ID,Customer_Name,Email,City,Join_Date) VALUES (226,'Customer_226','customer226@example.com','Seattle','2022-08-14');
INSERT INTO customers(Customer_ID,Customer_Name,Email,City,Join_Date) VALUES (227,'Customer_227','customer227@example.com','New York','2022-08-15');
INSERT INTO customers(Customer_ID,Customer_Name,Email,City,Join_Date) VALUES (228,'Customer_228','customer228@example.com','Houston','2022-08-16');
INSERT INTO customers(Customer_ID,Customer_Name,Email,City,Join_Date) VALUES (229,'Customer_229','customer229@example.com','Seattle','2022-08-17');
INSERT INTO customers(Customer_ID,Customer_Name,Email,City,Join_Date) VALUES (230,'Customer_230','customer230@example.com','Dallas','2022-08-18');
INSERT INTO customers(Customer_ID,Customer_Name,Email,City,Join_Date) VALUES (231,'Customer_231','customer231@example.com','Boston','2022-08-19');
INSERT INTO customers(Customer_ID,Customer_Name,Email,City,Join_Date) VALUES (232,'Customer_232','customer232@example.com','Houston','2022-08-20');
INSERT INTO customers(Customer_ID,Customer_Name,Email,City,Join_Date) VALUES (233,'Customer_233','customer233@example.com','Seattle','2022-08-21');
INSERT INTO customers(Customer_ID,Customer_Name,Email,City,Join_Date) VALUES (234,'Customer_234','customer234@example.com','Boston','2022-08-22');
INSERT INTO customers(Customer_ID,Customer_Name,Email,City,Join_Date) VALUES (235,'Customer_235','customer235@example.com','Houston','2022-08-23');
INSERT INTO customers(Customer_ID,Customer_Name,Email,City,Join_Date) VALUES (236,'Customer_236','customer236@example.com','Los Angeles','2022-08-24');
INSERT INTO customers(Customer_ID,Customer_Name,Email,City,Join_Date) VALUES (237,'Customer_237','customer237@example.com','Dallas','2022-08-25');
INSERT INTO customers(Customer_ID,Customer_Name,Email,City,Join_Date) VALUES (238,'Customer_238','customer238@example.com','New York','2022-08-26');
INSERT INTO customers(Customer_ID,Customer_Name,Email,City,Join_Date) VALUES (239,'Customer_239','customer239@example.com','Miami','2022-08-27');
INSERT INTO customers(Customer_ID,Customer_Name,Email,City,Join_Date) VALUES (240,'Customer_240','customer240@example.com','Chicago','2022-08-28');
INSERT INTO customers(Customer_ID,Customer_Name,Email,City,Join_Date) VALUES (241,'Customer_241','customer241@example.com','Dallas','2022-08-29');
INSERT INTO customers(Customer_ID,Customer_Name,Email,City,Join_Date) VALUES (242,'Customer_242','customer242@example.com','Miami','2022-08-30');
INSERT INTO customers(Customer_ID,Customer_Name,Email,City,Join_Date) VALUES (243,'Customer_243','customer243@example.com','Boston','2022-08-31');
INSERT INTO customers(Customer_ID,Customer_Name,Email,City,Join_Date) VALUES (244,'Customer_244','customer244@example.com','Boston','2022-09-01');
INSERT INTO customers(Customer_ID,Customer_Name,Email,City,Join_Date) VALUES (245,'Customer_245','customer245@example.com','Miami','2022-09-02');
INSERT INTO customers(Customer_ID,Customer_Name,Email,City,Join_Date) VALUES (246,'Customer_246','customer246@example.com','Houston','2022-09-03');
INSERT INTO customers(Customer_ID,Customer_Name,Email,City,Join_Date) VALUES (247,'Customer_247','customer247@example.com','Dallas','2022-09-04');
INSERT INTO customers(Customer_ID,Customer_Name,Email,City,Join_Date) VALUES (248,'Customer_248','customer248@example.com','Boston','2022-09-05');
INSERT INTO customers(Customer_ID,Customer_Name,Email,City,Join_Date) VALUES (249,'Customer_249','customer249@example.com','Dallas','2022-09-06');
INSERT INTO customers(Customer_ID,Customer_Name,Email,City,Join_Date) VALUES (250,'Customer_250','customer250@example.com','Seattle','2022-09-07');
INSERT INTO customers(Customer_ID,Customer_Name,Email,City,Join_Date) VALUES (251,'Customer_251','customer251@example.com','New York','2022-09-08');
INSERT INTO customers(Customer_ID,Customer_Name,Email,City,Join_Date) VALUES (252,'Customer_252','customer252@example.com','Seattle','2022-09-09');
INSERT INTO customers(Customer_ID,Customer_Name,Email,City,Join_Date) VALUES (253,'Customer_253','customer253@example.com','Boston','2022-09-10');
INSERT INTO customers(Customer_ID,Customer_Name,Email,City,Join_Date) VALUES (254,'Customer_254','customer254@example.com','New York','2022-09-11');
INSERT INTO customers(Customer_ID,Customer_Name,Email,City,Join_Date) VALUES (255,'Customer_255','customer255@example.com','Chicago','2022-09-12');
INSERT INTO customers(Customer_ID,Customer_Name,Email,City,Join_Date) VALUES (256,'Customer_256','customer256@example.com','Miami','2022-09-13');
INSERT INTO customers(Customer_ID,Customer_Name,Email,City,Join_Date) VALUES (257,'Customer_257','customer257@example.com','Los Angeles','2022-09-14');
INSERT INTO customers(Customer_ID,Customer_Name,Email,City,Join_Date) VALUES (258,'Customer_258','customer258@example.com','Chicago','2022-09-15');
INSERT INTO customers(Customer_ID,Customer_Name,Email,City,Join_Date) VALUES (259,'Customer_259','customer259@example.com','Chicago','2022-09-16');
INSERT INTO customers(Customer_ID,Customer_Name,Email,City,Join_Date) VALUES (260,'Customer_260','customer260@example.com','Dallas','2022-09-17');
INSERT INTO customers(Customer_ID,Customer_Name,Email,City,Join_Date) VALUES (261,'Customer_261','customer261@example.com','Boston','2022-09-18');
INSERT INTO customers(Customer_ID,Customer_Name,Email,City,Join_Date) VALUES (262,'Customer_262','customer262@example.com','Seattle','2022-09-19');
INSERT INTO customers(Customer_ID,Customer_Name,Email,City,Join_Date) VALUES (263,'Customer_263','customer263@example.com','Los Angeles','2022-09-20');
INSERT INTO customers(Customer_ID,Customer_Name,Email,City,Join_Date) VALUES (264,'Customer_264','customer264@example.com','New York','2022-09-21');
INSERT INTO customers(Customer_ID,Customer_Name,Email,City,Join_Date) VALUES (265,'Customer_265','customer265@example.com','Chicago','2022-09-22');
INSERT INTO customers(Customer_ID,Customer_Name,Email,City,Join_Date) VALUES (266,'Customer_266','customer266@example.com','Boston','2022-09-23');
INSERT INTO customers(Customer_ID,Customer_Name,Email,City,Join_Date) VALUES (267,'Customer_267','customer267@example.com','Chicago','2022-09-24');
INSERT INTO customers(Customer_ID,Customer_Name,Email,City,Join_Date) VALUES (268,'Customer_268','customer268@example.com','Chicago','2022-09-25');
INSERT INTO customers(Customer_ID,Customer_Name,Email,City,Join_Date) VALUES (269,'Customer_269','customer269@example.com','Houston','2022-09-26');
INSERT INTO customers(Customer_ID,Customer_Name,Email,City,Join_Date) VALUES (270,'Customer_270','customer270@example.com','Seattle','2022-09-27');
INSERT INTO customers(Customer_ID,Customer_Name,Email,City,Join_Date) VALUES (271,'Customer_271','customer271@example.com','Miami','2022-09-28');
INSERT INTO customers(Customer_ID,Customer_Name,Email,City,Join_Date) VALUES (272,'Customer_272','customer272@example.com','Boston','2022-09-29');
INSERT INTO customers(Customer_ID,Customer_Name,Email,City,Join_Date) VALUES (273,'Customer_273','customer273@example.com','Los Angeles','2022-09-30');
INSERT INTO customers(Customer_ID,Customer_Name,Email,City,Join_Date) VALUES (274,'Customer_274','customer274@example.com','Houston','2022-10-01');
INSERT INTO customers(Customer_ID,Customer_Name,Email,City,Join_Date) VALUES (275,'Customer_275','customer275@example.com','Seattle','2022-10-02');
INSERT INTO customers(Customer_ID,Customer_Name,Email,City,Join_Date) VALUES (276,'Customer_276','customer276@example.com','Boston','2022-10-03');
INSERT INTO customers(Customer_ID,Customer_Name,Email,City,Join_Date) VALUES (277,'Customer_277','customer277@example.com','Dallas','2022-10-04');
INSERT INTO customers(Customer_ID,Customer_Name,Email,City,Join_Date) VALUES (278,'Customer_278','customer278@example.com','Seattle','2022-10-05');
INSERT INTO customers(Customer_ID,Customer_Name,Email,City,Join_Date) VALUES (279,'Customer_279','customer279@example.com','Boston','2022-10-06');
INSERT INTO customers(Customer_ID,Customer_Name,Email,City,Join_Date) VALUES (280,'Customer_280','customer280@example.com','Dallas','2022-10-07');
INSERT INTO customers(Customer_ID,Customer_Name,Email,City,Join_Date) VALUES (281,'Customer_281','customer281@example.com','Boston','2022-10-08');
INSERT INTO customers(Customer_ID,Customer_Name,Email,City,Join_Date) VALUES (282,'Customer_282','customer282@example.com','Miami','2022-10-09');
INSERT INTO customers(Customer_ID,Customer_Name,Email,City,Join_Date) VALUES (283,'Customer_283','customer283@example.com','New York','2022-10-10');
INSERT INTO customers(Customer_ID,Customer_Name,Email,City,Join_Date) VALUES (284,'Customer_284','customer284@example.com','Chicago','2022-10-11');
INSERT INTO customers(Customer_ID,Customer_Name,Email,City,Join_Date) VALUES (285,'Customer_285','customer285@example.com','Boston','2022-10-12');
INSERT INTO customers(Customer_ID,Customer_Name,Email,City,Join_Date) VALUES (286,'Customer_286','customer286@example.com','Houston','2022-10-13');
INSERT INTO customers(Customer_ID,Customer_Name,Email,City,Join_Date) VALUES (287,'Customer_287','customer287@example.com','Seattle','2022-10-14');
INSERT INTO customers(Customer_ID,Customer_Name,Email,City,Join_Date) VALUES (288,'Customer_288','customer288@example.com','Chicago','2022-10-15');
INSERT INTO customers(Customer_ID,Customer_Name,Email,City,Join_Date) VALUES (289,'Customer_289','customer289@example.com','Seattle','2022-10-16');
INSERT INTO customers(Customer_ID,Customer_Name,Email,City,Join_Date) VALUES (290,'Customer_290','customer290@example.com','New York','2022-10-17');
INSERT INTO customers(Customer_ID,Customer_Name,Email,City,Join_Date) VALUES (291,'Customer_291','customer291@example.com','Houston','2022-10-18');
INSERT INTO customers(Customer_ID,Customer_Name,Email,City,Join_Date) VALUES (292,'Customer_292','customer292@example.com','Miami','2022-10-19');
INSERT INTO customers(Customer_ID,Customer_Name,Email,City,Join_Date) VALUES (293,'Customer_293','customer293@example.com','Houston','2022-10-20');
INSERT INTO customers(Customer_ID,Customer_Name,Email,City,Join_Date) VALUES (294,'Customer_294','customer294@example.com','Boston','2022-10-21');
INSERT INTO customers(Customer_ID,Customer_Name,Email,City,Join_Date) VALUES (295,'Customer_295','customer295@example.com','Chicago','2022-10-22');
INSERT INTO customers(Customer_ID,Customer_Name,Email,City,Join_Date) VALUES (296,'Customer_296','customer296@example.com','Seattle','2022-10-23');
INSERT INTO customers(Customer_ID,Customer_Name,Email,City,Join_Date) VALUES (297,'Customer_297','customer297@example.com','Houston','2022-10-24');
INSERT INTO customers(Customer_ID,Customer_Name,Email,City,Join_Date) VALUES (298,'Customer_298','customer298@example.com','Houston','2022-10-25');
INSERT INTO customers(Customer_ID,Customer_Name,Email,City,Join_Date) VALUES (299,'Customer_299','customer299@example.com','Houston','2022-10-26');
INSERT INTO customers(Customer_ID,Customer_Name,Email,City,Join_Date) VALUES (300,'Customer_300','customer300@example.com','Miami','2022-10-27');
INSERT INTO customers(Customer_ID,Customer_Name,Email,City,Join_Date) VALUES (301,'Customer_301','customer301@example.com','Houston','2022-10-28');
INSERT INTO customers(Customer_ID,Customer_Name,Email,City,Join_Date) VALUES (302,'Customer_302','customer302@example.com','New York','2022-10-29');
INSERT INTO customers(Customer_ID,Customer_Name,Email,City,Join_Date) VALUES (303,'Customer_303','customer303@example.com','Boston','2022-10-30');
INSERT INTO customers(Customer_ID,Customer_Name,Email,City,Join_Date) VALUES (304,'Customer_304','customer304@example.com','Chicago','2022-10-31');
INSERT INTO customers(Customer_ID,Customer_Name,Email,City,Join_Date) VALUES (305,'Customer_305','customer305@example.com','Boston','2022-11-01');
INSERT INTO customers(Customer_ID,Customer_Name,Email,City,Join_Date) VALUES (306,'Customer_306','customer306@example.com','Seattle','2022-11-02');
INSERT INTO customers(Customer_ID,Customer_Name,Email,City,Join_Date) VALUES (307,'Customer_307','customer307@example.com','Houston','2022-11-03');
INSERT INTO customers(Customer_ID,Customer_Name,Email,City,Join_Date) VALUES (308,'Customer_308','customer308@example.com','Miami','2022-11-04');
INSERT INTO customers(Customer_ID,Customer_Name,Email,City,Join_Date) VALUES (309,'Customer_309','customer309@example.com','Houston','2022-11-05');
INSERT INTO customers(Customer_ID,Customer_Name,Email,City,Join_Date) VALUES (310,'Customer_310','customer310@example.com','Los Angeles','2022-11-06');
INSERT INTO customers(Customer_ID,Customer_Name,Email,City,Join_Date) VALUES (311,'Customer_311','customer311@example.com','Houston','2022-11-07');
INSERT INTO customers(Customer_ID,Customer_Name,Email,City,Join_Date) VALUES (312,'Customer_312','customer312@example.com','Boston','2022-11-08');
INSERT INTO customers(Customer_ID,Customer_Name,Email,City,Join_Date) VALUES (313,'Customer_313','customer313@example.com','Miami','2022-11-09');
INSERT INTO customers(Customer_ID,Customer_Name,Email,City,Join_Date) VALUES (314,'Customer_314','customer314@example.com','Los Angeles','2022-11-10');
INSERT INTO customers(Customer_ID,Customer_Name,Email,City,Join_Date) VALUES (315,'Customer_315','customer315@example.com','Dallas','2022-11-11');
INSERT INTO customers(Customer_ID,Customer_Name,Email,City,Join_Date) VALUES (316,'Customer_316','customer316@example.com','New York','2022-11-12');
INSERT INTO customers(Customer_ID,Customer_Name,Email,City,Join_Date) VALUES (317,'Customer_317','customer317@example.com','Houston','2022-11-13');
INSERT INTO customers(Customer_ID,Customer_Name,Email,City,Join_Date) VALUES (318,'Customer_318','customer318@example.com','Seattle','2022-11-14');
INSERT INTO customers(Customer_ID,Customer_Name,Email,City,Join_Date) VALUES (319,'Customer_319','customer319@example.com','Miami','2022-11-15');
INSERT INTO customers(Customer_ID,Customer_Name,Email,City,Join_Date) VALUES (320,'Customer_320','customer320@example.com','Boston','2022-11-16');
INSERT INTO customers(Customer_ID,Customer_Name,Email,City,Join_Date) VALUES (321,'Customer_321','customer321@example.com','Dallas','2022-11-17');
INSERT INTO customers(Customer_ID,Customer_Name,Email,City,Join_Date) VALUES (322,'Customer_322','customer322@example.com','Los Angeles','2022-11-18');
INSERT INTO customers(Customer_ID,Customer_Name,Email,City,Join_Date) VALUES (323,'Customer_323','customer323@example.com','Houston','2022-11-19');
INSERT INTO customers(Customer_ID,Customer_Name,Email,City,Join_Date) VALUES (324,'Customer_324','customer324@example.com','New York','2022-11-20');
INSERT INTO customers(Customer_ID,Customer_Name,Email,City,Join_Date) VALUES (325,'Customer_325','customer325@example.com','Chicago','2022-11-21');
INSERT INTO customers(Customer_ID,Customer_Name,Email,City,Join_Date) VALUES (326,'Customer_326','customer326@example.com','Miami','2022-11-22');
INSERT INTO customers(Customer_ID,Customer_Name,Email,City,Join_Date) VALUES (327,'Customer_327','customer327@example.com','Miami','2022-11-23');
INSERT INTO customers(Customer_ID,Customer_Name,Email,City,Join_Date) VALUES (328,'Customer_328','customer328@example.com','New York','2022-11-24');
INSERT INTO customers(Customer_ID,Customer_Name,Email,City,Join_Date) VALUES (329,'Customer_329','customer329@example.com','Miami','2022-11-25');
INSERT INTO customers(Customer_ID,Customer_Name,Email,City,Join_Date) VALUES (330,'Customer_330','customer330@example.com','Los Angeles','2022-11-26');
INSERT INTO customers(Customer_ID,Customer_Name,Email,City,Join_Date) VALUES (331,'Customer_331','customer331@example.com','Miami','2022-11-27');
INSERT INTO customers(Customer_ID,Customer_Name,Email,City,Join_Date) VALUES (332,'Customer_332','customer332@example.com','Houston','2022-11-28');
INSERT INTO customers(Customer_ID,Customer_Name,Email,City,Join_Date) VALUES (333,'Customer_333','customer333@example.com','Houston','2022-11-29');
INSERT INTO customers(Customer_ID,Customer_Name,Email,City,Join_Date) VALUES (334,'Customer_334','customer334@example.com','Chicago','2022-11-30');
INSERT INTO customers(Customer_ID,Customer_Name,Email,City,Join_Date) VALUES (335,'Customer_335','customer335@example.com','New York','2022-12-01');
INSERT INTO customers(Customer_ID,Customer_Name,Email,City,Join_Date) VALUES (336,'Customer_336','customer336@example.com','Seattle','2022-12-02');
INSERT INTO customers(Customer_ID,Customer_Name,Email,City,Join_Date) VALUES (337,'Customer_337','customer337@example.com','Boston','2022-12-03');
INSERT INTO customers(Customer_ID,Customer_Name,Email,City,Join_Date) VALUES (338,'Customer_338','customer338@example.com','Dallas','2022-12-04');
INSERT INTO customers(Customer_ID,Customer_Name,Email,City,Join_Date) VALUES (339,'Customer_339','customer339@example.com','Miami','2022-12-05');
INSERT INTO customers(Customer_ID,Customer_Name,Email,City,Join_Date) VALUES (340,'Customer_340','customer340@example.com','Boston','2022-12-06');
INSERT INTO customers(Customer_ID,Customer_Name,Email,City,Join_Date) VALUES (341,'Customer_341','customer341@example.com','Dallas','2022-12-07');
INSERT INTO customers(Customer_ID,Customer_Name,Email,City,Join_Date) VALUES (342,'Customer_342','customer342@example.com','Houston','2022-12-08');
INSERT INTO customers(Customer_ID,Customer_Name,Email,City,Join_Date) VALUES (343,'Customer_343','customer343@example.com','Seattle','2022-12-09');
INSERT INTO customers(Customer_ID,Customer_Name,Email,City,Join_Date) VALUES (344,'Customer_344','customer344@example.com','Miami','2022-12-10');
INSERT INTO customers(Customer_ID,Customer_Name,Email,City,Join_Date) VALUES (345,'Customer_345','customer345@example.com','Dallas','2022-12-11');
INSERT INTO customers(Customer_ID,Customer_Name,Email,City,Join_Date) VALUES (346,'Customer_346','customer346@example.com','Seattle','2022-12-12');
INSERT INTO customers(Customer_ID,Customer_Name,Email,City,Join_Date) VALUES (347,'Customer_347','customer347@example.com','Dallas','2022-12-13');
INSERT INTO customers(Customer_ID,Customer_Name,Email,City,Join_Date) VALUES (348,'Customer_348','customer348@example.com','New York','2022-12-14');
INSERT INTO customers(Customer_ID,Customer_Name,Email,City,Join_Date) VALUES (349,'Customer_349','customer349@example.com','Seattle','2022-12-15');
INSERT INTO customers(Customer_ID,Customer_Name,Email,City,Join_Date) VALUES (350,'Customer_350','customer350@example.com','Houston','2022-12-16');
INSERT INTO customers(Customer_ID,Customer_Name,Email,City,Join_Date) VALUES (351,'Customer_351','customer351@example.com','Dallas','2022-12-17');
INSERT INTO customers(Customer_ID,Customer_Name,Email,City,Join_Date) VALUES (352,'Customer_352','customer352@example.com','Boston','2022-12-18');
INSERT INTO customers(Customer_ID,Customer_Name,Email,City,Join_Date) VALUES (353,'Customer_353','customer353@example.com','Chicago','2022-12-19');
INSERT INTO customers(Customer_ID,Customer_Name,Email,City,Join_Date) VALUES (354,'Customer_354','customer354@example.com','Miami','2022-12-20');
INSERT INTO customers(Customer_ID,Customer_Name,Email,City,Join_Date) VALUES (355,'Customer_355','customer355@example.com','New York','2022-12-21');
INSERT INTO customers(Customer_ID,Customer_Name,Email,City,Join_Date) VALUES (356,'Customer_356','customer356@example.com','Los Angeles','2022-12-22');
INSERT INTO customers(Customer_ID,Customer_Name,Email,City,Join_Date) VALUES (357,'Customer_357','customer357@example.com','Chicago','2022-12-23');
INSERT INTO customers(Customer_ID,Customer_Name,Email,City,Join_Date) VALUES (358,'Customer_358','customer358@example.com','New York','2022-12-24');
INSERT INTO customers(Customer_ID,Customer_Name,Email,City,Join_Date) VALUES (359,'Customer_359','customer359@example.com','Dallas','2022-12-25');
INSERT INTO customers(Customer_ID,Customer_Name,Email,City,Join_Date) VALUES (360,'Customer_360','customer360@example.com','Boston','2022-12-26');
INSERT INTO customers(Customer_ID,Customer_Name,Email,City,Join_Date) VALUES (361,'Customer_361','customer361@example.com','Boston','2022-12-27');
INSERT INTO customers(Customer_ID,Customer_Name,Email,City,Join_Date) VALUES (362,'Customer_362','customer362@example.com','Los Angeles','2022-12-28');
INSERT INTO customers(Customer_ID,Customer_Name,Email,City,Join_Date) VALUES (363,'Customer_363','customer363@example.com','Los Angeles','2022-12-29');
INSERT INTO customers(Customer_ID,Customer_Name,Email,City,Join_Date) VALUES (364,'Customer_364','customer364@example.com','New York','2022-12-30');
INSERT INTO customers(Customer_ID,Customer_Name,Email,City,Join_Date) VALUES (365,'Customer_365','customer365@example.com','Miami','2022-12-31');
INSERT INTO customers(Customer_ID,Customer_Name,Email,City,Join_Date) VALUES (366,'Customer_366','customer366@example.com','Los Angeles','2023-01-01');
INSERT INTO customers(Customer_ID,Customer_Name,Email,City,Join_Date) VALUES (367,'Customer_367','customer367@example.com','Miami','2023-01-02');
INSERT INTO customers(Customer_ID,Customer_Name,Email,City,Join_Date) VALUES (368,'Customer_368','customer368@example.com','Miami','2023-01-03');
INSERT INTO customers(Customer_ID,Customer_Name,Email,City,Join_Date) VALUES (369,'Customer_369','customer369@example.com','Chicago','2023-01-04');
INSERT INTO customers(Customer_ID,Customer_Name,Email,City,Join_Date) VALUES (370,'Customer_370','customer370@example.com','Los Angeles','2023-01-05');
INSERT INTO customers(Customer_ID,Customer_Name,Email,City,Join_Date) VALUES (371,'Customer_371','customer371@example.com','New York','2023-01-06');
INSERT INTO customers(Customer_ID,Customer_Name,Email,City,Join_Date) VALUES (372,'Customer_372','customer372@example.com','Chicago','2023-01-07');
INSERT INTO customers(Customer_ID,Customer_Name,Email,City,Join_Date) VALUES (373,'Customer_373','customer373@example.com','Boston','2023-01-08');
INSERT INTO customers(Customer_ID,Customer_Name,Email,City,Join_Date) VALUES (374,'Customer_374','customer374@example.com','Dallas','2023-01-09');
INSERT INTO customers(Customer_ID,Customer_Name,Email,City,Join_Date) VALUES (375,'Customer_375','customer375@example.com','Chicago','2023-01-10');
INSERT INTO customers(Customer_ID,Customer_Name,Email,City,Join_Date) VALUES (376,'Customer_376','customer376@example.com','Chicago','2023-01-11');
INSERT INTO customers(Customer_ID,Customer_Name,Email,City,Join_Date) VALUES (377,'Customer_377','customer377@example.com','Boston','2023-01-12');
INSERT INTO customers(Customer_ID,Customer_Name,Email,City,Join_Date) VALUES (378,'Customer_378','customer378@example.com','New York','2023-01-13');
INSERT INTO customers(Customer_ID,Customer_Name,Email,City,Join_Date) VALUES (379,'Customer_379','customer379@example.com','Boston','2023-01-14');
INSERT INTO customers(Customer_ID,Customer_Name,Email,City,Join_Date) VALUES (380,'Customer_380','customer380@example.com','Miami','2023-01-15');
INSERT INTO customers(Customer_ID,Customer_Name,Email,City,Join_Date) VALUES (381,'Customer_381','customer381@example.com','Los Angeles','2023-01-16');
INSERT INTO customers(Customer_ID,Customer_Name,Email,City,Join_Date) VALUES (382,'Customer_382','customer382@example.com','Boston','2023-01-17');
INSERT INTO customers(Customer_ID,Customer_Name,Email,City,Join_Date) VALUES (383,'Customer_383','customer383@example.com','Dallas','2023-01-18');
INSERT INTO customers(Customer_ID,Customer_Name,Email,City,Join_Date) VALUES (384,'Customer_384','customer384@example.com','Miami','2023-01-19');
INSERT INTO customers(Customer_ID,Customer_Name,Email,City,Join_Date) VALUES (385,'Customer_385','customer385@example.com','Houston','2023-01-20');
INSERT INTO customers(Customer_ID,Customer_Name,Email,City,Join_Date) VALUES (386,'Customer_386','customer386@example.com','Boston','2023-01-21');
INSERT INTO customers(Customer_ID,Customer_Name,Email,City,Join_Date) VALUES (387,'Customer_387','customer387@example.com','Houston','2023-01-22');
INSERT INTO customers(Customer_ID,Customer_Name,Email,City,Join_Date) VALUES (388,'Customer_388','customer388@example.com','Los Angeles','2023-01-23');
INSERT INTO customers(Customer_ID,Customer_Name,Email,City,Join_Date) VALUES (389,'Customer_389','customer389@example.com','Houston','2023-01-24');
INSERT INTO customers(Customer_ID,Customer_Name,Email,City,Join_Date) VALUES (390,'Customer_390','customer390@example.com','Houston','2023-01-25');
INSERT INTO customers(Customer_ID,Customer_Name,Email,City,Join_Date) VALUES (391,'Customer_391','customer391@example.com','Houston','2023-01-26');
INSERT INTO customers(Customer_ID,Customer_Name,Email,City,Join_Date) VALUES (392,'Customer_392','customer392@example.com','Miami','2023-01-27');
INSERT INTO customers(Customer_ID,Customer_Name,Email,City,Join_Date) VALUES (393,'Customer_393','customer393@example.com','Houston','2023-01-28');
INSERT INTO customers(Customer_ID,Customer_Name,Email,City,Join_Date) VALUES (394,'Customer_394','customer394@example.com','Boston','2023-01-29');
INSERT INTO customers(Customer_ID,Customer_Name,Email,City,Join_Date) VALUES (395,'Customer_395','customer395@example.com','Seattle','2023-01-30');
INSERT INTO customers(Customer_ID,Customer_Name,Email,City,Join_Date) VALUES (396,'Customer_396','customer396@example.com','Houston','2023-01-31');
INSERT INTO customers(Customer_ID,Customer_Name,Email,City,Join_Date) VALUES (397,'Customer_397','customer397@example.com','Miami','2023-02-01');
INSERT INTO customers(Customer_ID,Customer_Name,Email,City,Join_Date) VALUES (398,'Customer_398','customer398@example.com','New York','2023-02-02');
INSERT INTO customers(Customer_ID,Customer_Name,Email,City,Join_Date) VALUES (399,'Customer_399','customer399@example.com','New York','2023-02-03');
INSERT INTO customers(Customer_ID,Customer_Name,Email,City,Join_Date) VALUES (400,'Customer_400','customer400@example.com','Los Angeles','2023-02-04');
INSERT INTO customers(Customer_ID,Customer_Name,Email,City,Join_Date) VALUES (401,'Customer_401','customer401@example.com','New York','2023-02-05');
INSERT INTO customers(Customer_ID,Customer_Name,Email,City,Join_Date) VALUES (402,'Customer_402','customer402@example.com','Chicago','2023-02-06');
INSERT INTO customers(Customer_ID,Customer_Name,Email,City,Join_Date) VALUES (403,'Customer_403','customer403@example.com','Miami','2023-02-07');
INSERT INTO customers(Customer_ID,Customer_Name,Email,City,Join_Date) VALUES (404,'Customer_404','customer404@example.com','Chicago','2023-02-08');
INSERT INTO customers(Customer_ID,Customer_Name,Email,City,Join_Date) VALUES (405,'Customer_405','customer405@example.com','Los Angeles','2023-02-09');
INSERT INTO customers(Customer_ID,Customer_Name,Email,City,Join_Date) VALUES (406,'Customer_406','customer406@example.com','New York','2023-02-10');
INSERT INTO customers(Customer_ID,Customer_Name,Email,City,Join_Date) VALUES (407,'Customer_407','customer407@example.com','Houston','2023-02-11');
INSERT INTO customers(Customer_ID,Customer_Name,Email,City,Join_Date) VALUES (408,'Customer_408','customer408@example.com','Seattle','2023-02-12');
INSERT INTO customers(Customer_ID,Customer_Name,Email,City,Join_Date) VALUES (409,'Customer_409','customer409@example.com','Seattle','2023-02-13');
INSERT INTO customers(Customer_ID,Customer_Name,Email,City,Join_Date) VALUES (410,'Customer_410','customer410@example.com','Los Angeles','2023-02-14');
INSERT INTO customers(Customer_ID,Customer_Name,Email,City,Join_Date) VALUES (411,'Customer_411','customer411@example.com','Seattle','2023-02-15');
INSERT INTO customers(Customer_ID,Customer_Name,Email,City,Join_Date) VALUES (412,'Customer_412','customer412@example.com','New York','2023-02-16');
INSERT INTO customers(Customer_ID,Customer_Name,Email,City,Join_Date) VALUES (413,'Customer_413','customer413@example.com','Boston','2023-02-17');
INSERT INTO customers(Customer_ID,Customer_Name,Email,City,Join_Date) VALUES (414,'Customer_414','customer414@example.com','Seattle','2023-02-18');
INSERT INTO customers(Customer_ID,Customer_Name,Email,City,Join_Date) VALUES (415,'Customer_415','customer415@example.com','Houston','2023-02-19');
INSERT INTO customers(Customer_ID,Customer_Name,Email,City,Join_Date) VALUES (416,'Customer_416','customer416@example.com','Houston','2023-02-20');
INSERT INTO customers(Customer_ID,Customer_Name,Email,City,Join_Date) VALUES (417,'Customer_417','customer417@example.com','Seattle','2023-02-21');
INSERT INTO customers(Customer_ID,Customer_Name,Email,City,Join_Date) VALUES (418,'Customer_418','customer418@example.com','Dallas','2023-02-22');
INSERT INTO customers(Customer_ID,Customer_Name,Email,City,Join_Date) VALUES (419,'Customer_419','customer419@example.com','Chicago','2023-02-23');
INSERT INTO customers(Customer_ID,Customer_Name,Email,City,Join_Date) VALUES (420,'Customer_420','customer420@example.com','New York','2023-02-24');
INSERT INTO customers(Customer_ID,Customer_Name,Email,City,Join_Date) VALUES (421,'Customer_421','customer421@example.com','Dallas','2023-02-25');
INSERT INTO customers(Customer_ID,Customer_Name,Email,City,Join_Date) VALUES (422,'Customer_422','customer422@example.com','Boston','2023-02-26');
INSERT INTO customers(Customer_ID,Customer_Name,Email,City,Join_Date) VALUES (423,'Customer_423','customer423@example.com','Los Angeles','2023-02-27');
INSERT INTO customers(Customer_ID,Customer_Name,Email,City,Join_Date) VALUES (424,'Customer_424','customer424@example.com','Miami','2023-02-28');
INSERT INTO customers(Customer_ID,Customer_Name,Email,City,Join_Date) VALUES (425,'Customer_425','customer425@example.com','Dallas','2023-03-01');
INSERT INTO customers(Customer_ID,Customer_Name,Email,City,Join_Date) VALUES (426,'Customer_426','customer426@example.com','Miami','2023-03-02');
INSERT INTO customers(Customer_ID,Customer_Name,Email,City,Join_Date) VALUES (427,'Customer_427','customer427@example.com','Chicago','2023-03-03');
INSERT INTO customers(Customer_ID,Customer_Name,Email,City,Join_Date) VALUES (428,'Customer_428','customer428@example.com','Dallas','2023-03-04');
INSERT INTO customers(Customer_ID,Customer_Name,Email,City,Join_Date) VALUES (429,'Customer_429','customer429@example.com','Seattle','2023-03-05');
INSERT INTO customers(Customer_ID,Customer_Name,Email,City,Join_Date) VALUES (430,'Customer_430','customer430@example.com','Los Angeles','2023-03-06');
INSERT INTO customers(Customer_ID,Customer_Name,Email,City,Join_Date) VALUES (431,'Customer_431','customer431@example.com','Dallas','2023-03-07');
INSERT INTO customers(Customer_ID,Customer_Name,Email,City,Join_Date) VALUES (432,'Customer_432','customer432@example.com','New York','2023-03-08');
INSERT INTO customers(Customer_ID,Customer_Name,Email,City,Join_Date) VALUES (433,'Customer_433','customer433@example.com','Chicago','2023-03-09');
INSERT INTO customers(Customer_ID,Customer_Name,Email,City,Join_Date) VALUES (434,'Customer_434','customer434@example.com','Houston','2023-03-10');
INSERT INTO customers(Customer_ID,Customer_Name,Email,City,Join_Date) VALUES (435,'Customer_435','customer435@example.com','Chicago','2023-03-11');
INSERT INTO customers(Customer_ID,Customer_Name,Email,City,Join_Date) VALUES (436,'Customer_436','customer436@example.com','Los Angeles','2023-03-12');
INSERT INTO customers(Customer_ID,Customer_Name,Email,City,Join_Date) VALUES (437,'Customer_437','customer437@example.com','Houston','2023-03-13');
INSERT INTO customers(Customer_ID,Customer_Name,Email,City,Join_Date) VALUES (438,'Customer_438','customer438@example.com','Los Angeles','2023-03-14');
INSERT INTO customers(Customer_ID,Customer_Name,Email,City,Join_Date) VALUES (439,'Customer_439','customer439@example.com','Houston','2023-03-15');
INSERT INTO customers(Customer_ID,Customer_Name,Email,City,Join_Date) VALUES (440,'Customer_440','customer440@example.com','Houston','2023-03-16');
INSERT INTO customers(Customer_ID,Customer_Name,Email,City,Join_Date) VALUES (441,'Customer_441','customer441@example.com','Boston','2023-03-17');
INSERT INTO customers(Customer_ID,Customer_Name,Email,City,Join_Date) VALUES (442,'Customer_442','customer442@example.com','Dallas','2023-03-18');
INSERT INTO customers(Customer_ID,Customer_Name,Email,City,Join_Date) VALUES (443,'Customer_443','customer443@example.com','Houston','2023-03-19');
INSERT INTO customers(Customer_ID,Customer_Name,Email,City,Join_Date) VALUES (444,'Customer_444','customer444@example.com','Los Angeles','2023-03-20');
INSERT INTO customers(Customer_ID,Customer_Name,Email,City,Join_Date) VALUES (445,'Customer_445','customer445@example.com','Chicago','2023-03-21');
INSERT INTO customers(Customer_ID,Customer_Name,Email,City,Join_Date) VALUES (446,'Customer_446','customer446@example.com','Boston','2023-03-22');
INSERT INTO customers(Customer_ID,Customer_Name,Email,City,Join_Date) VALUES (447,'Customer_447','customer447@example.com','Dallas','2023-03-23');
INSERT INTO customers(Customer_ID,Customer_Name,Email,City,Join_Date) VALUES (448,'Customer_448','customer448@example.com','Los Angeles','2023-03-24');
INSERT INTO customers(Customer_ID,Customer_Name,Email,City,Join_Date) VALUES (449,'Customer_449','customer449@example.com','Seattle','2023-03-25');
INSERT INTO customers(Customer_ID,Customer_Name,Email,City,Join_Date) VALUES (450,'Customer_450','customer450@example.com','Seattle','2023-03-26');
INSERT INTO customers(Customer_ID,Customer_Name,Email,City,Join_Date) VALUES (451,'Customer_451','customer451@example.com','Dallas','2023-03-27');
INSERT INTO customers(Customer_ID,Customer_Name,Email,City,Join_Date) VALUES (452,'Customer_452','customer452@example.com','New York','2023-03-28');
INSERT INTO customers(Customer_ID,Customer_Name,Email,City,Join_Date) VALUES (453,'Customer_453','customer453@example.com','Dallas','2023-03-29');
INSERT INTO customers(Customer_ID,Customer_Name,Email,City,Join_Date) VALUES (454,'Customer_454','customer454@example.com','Seattle','2023-03-30');
INSERT INTO customers(Customer_ID,Customer_Name,Email,City,Join_Date) VALUES (455,'Customer_455','customer455@example.com','Seattle','2023-03-31');
INSERT INTO customers(Customer_ID,Customer_Name,Email,City,Join_Date) VALUES (456,'Customer_456','customer456@example.com','Dallas','2023-04-01');
INSERT INTO customers(Customer_ID,Customer_Name,Email,City,Join_Date) VALUES (457,'Customer_457','customer457@example.com','Los Angeles','2023-04-02');
INSERT INTO customers(Customer_ID,Customer_Name,Email,City,Join_Date) VALUES (458,'Customer_458','customer458@example.com','Seattle','2023-04-03');
INSERT INTO customers(Customer_ID,Customer_Name,Email,City,Join_Date) VALUES (459,'Customer_459','customer459@example.com','Los Angeles','2023-04-04');
INSERT INTO customers(Customer_ID,Customer_Name,Email,City,Join_Date) VALUES (460,'Customer_460','customer460@example.com','Seattle','2023-04-05');
INSERT INTO customers(Customer_ID,Customer_Name,Email,City,Join_Date) VALUES (461,'Customer_461','customer461@example.com','Seattle','2023-04-06');
INSERT INTO customers(Customer_ID,Customer_Name,Email,City,Join_Date) VALUES (462,'Customer_462','customer462@example.com','Boston','2023-04-07');
INSERT INTO customers(Customer_ID,Customer_Name,Email,City,Join_Date) VALUES (463,'Customer_463','customer463@example.com','Seattle','2023-04-08');
INSERT INTO customers(Customer_ID,Customer_Name,Email,City,Join_Date) VALUES (464,'Customer_464','customer464@example.com','Boston','2023-04-09');
INSERT INTO customers(Customer_ID,Customer_Name,Email,City,Join_Date) VALUES (465,'Customer_465','customer465@example.com','New York','2023-04-10');
INSERT INTO customers(Customer_ID,Customer_Name,Email,City,Join_Date) VALUES (466,'Customer_466','customer466@example.com','Seattle','2023-04-11');
INSERT INTO customers(Customer_ID,Customer_Name,Email,City,Join_Date) VALUES (467,'Customer_467','customer467@example.com','Los Angeles','2023-04-12');
INSERT INTO customers(Customer_ID,Customer_Name,Email,City,Join_Date) VALUES (468,'Customer_468','customer468@example.com','New York','2023-04-13');
INSERT INTO customers(Customer_ID,Customer_Name,Email,City,Join_Date) VALUES (469,'Customer_469','customer469@example.com','Seattle','2023-04-14');
INSERT INTO customers(Customer_ID,Customer_Name,Email,City,Join_Date) VALUES (470,'Customer_470','customer470@example.com','Los Angeles','2023-04-15');
INSERT INTO customers(Customer_ID,Customer_Name,Email,City,Join_Date) VALUES (471,'Customer_471','customer471@example.com','Miami','2023-04-16');
INSERT INTO customers(Customer_ID,Customer_Name,Email,City,Join_Date) VALUES (472,'Customer_472','customer472@example.com','Los Angeles','2023-04-17');
INSERT INTO customers(Customer_ID,Customer_Name,Email,City,Join_Date) VALUES (473,'Customer_473','customer473@example.com','Houston','2023-04-18');
INSERT INTO customers(Customer_ID,Customer_Name,Email,City,Join_Date) VALUES (474,'Customer_474','customer474@example.com','Miami','2023-04-19');
INSERT INTO customers(Customer_ID,Customer_Name,Email,City,Join_Date) VALUES (475,'Customer_475','customer475@example.com','Dallas','2023-04-20');
INSERT INTO customers(Customer_ID,Customer_Name,Email,City,Join_Date) VALUES (476,'Customer_476','customer476@example.com','Miami','2023-04-21');
INSERT INTO customers(Customer_ID,Customer_Name,Email,City,Join_Date) VALUES (477,'Customer_477','customer477@example.com','Chicago','2023-04-22');
INSERT INTO customers(Customer_ID,Customer_Name,Email,City,Join_Date) VALUES (478,'Customer_478','customer478@example.com','Houston','2023-04-23');
INSERT INTO customers(Customer_ID,Customer_Name,Email,City,Join_Date) VALUES (479,'Customer_479','customer479@example.com','Miami','2023-04-24');
INSERT INTO customers(Customer_ID,Customer_Name,Email,City,Join_Date) VALUES (480,'Customer_480','customer480@example.com','Miami','2023-04-25');
INSERT INTO customers(Customer_ID,Customer_Name,Email,City,Join_Date) VALUES (481,'Customer_481','customer481@example.com','Los Angeles','2023-04-26');
INSERT INTO customers(Customer_ID,Customer_Name,Email,City,Join_Date) VALUES (482,'Customer_482','customer482@example.com','Chicago','2023-04-27');
INSERT INTO customers(Customer_ID,Customer_Name,Email,City,Join_Date) VALUES (483,'Customer_483','customer483@example.com','Houston','2023-04-28');
INSERT INTO customers(Customer_ID,Customer_Name,Email,City,Join_Date) VALUES (484,'Customer_484','customer484@example.com','Seattle','2023-04-29');
INSERT INTO customers(Customer_ID,Customer_Name,Email,City,Join_Date) VALUES (485,'Customer_485','customer485@example.com','Houston','2023-04-30');
INSERT INTO customers(Customer_ID,Customer_Name,Email,City,Join_Date) VALUES (486,'Customer_486','customer486@example.com','Dallas','2023-05-01');
INSERT INTO customers(Customer_ID,Customer_Name,Email,City,Join_Date) VALUES (487,'Customer_487','customer487@example.com','Houston','2023-05-02');
INSERT INTO customers(Customer_ID,Customer_Name,Email,City,Join_Date) VALUES (488,'Customer_488','customer488@example.com','Boston','2023-05-03');
INSERT INTO customers(Customer_ID,Customer_Name,Email,City,Join_Date) VALUES (489,'Customer_489','customer489@example.com','New York','2023-05-04');
INSERT INTO customers(Customer_ID,Customer_Name,Email,City,Join_Date) VALUES (490,'Customer_490','customer490@example.com','Miami','2023-05-05');
INSERT INTO customers(Customer_ID,Customer_Name,Email,City,Join_Date) VALUES (491,'Customer_491','customer491@example.com','Chicago','2023-05-06');
INSERT INTO customers(Customer_ID,Customer_Name,Email,City,Join_Date) VALUES (492,'Customer_492','customer492@example.com','Chicago','2023-05-07');
INSERT INTO customers(Customer_ID,Customer_Name,Email,City,Join_Date) VALUES (493,'Customer_493','customer493@example.com','Chicago','2023-05-08');
INSERT INTO customers(Customer_ID,Customer_Name,Email,City,Join_Date) VALUES (494,'Customer_494','customer494@example.com','New York','2023-05-09');
INSERT INTO customers(Customer_ID,Customer_Name,Email,City,Join_Date) VALUES (495,'Customer_495','customer495@example.com','Los Angeles','2023-05-10');
INSERT INTO customers(Customer_ID,Customer_Name,Email,City,Join_Date) VALUES (496,'Customer_496','customer496@example.com','New York','2023-05-11');
INSERT INTO customers(Customer_ID,Customer_Name,Email,City,Join_Date) VALUES (497,'Customer_497','customer497@example.com','Seattle','2023-05-12');
INSERT INTO customers(Customer_ID,Customer_Name,Email,City,Join_Date) VALUES (498,'Customer_498','customer498@example.com','Houston','2023-05-13');
INSERT INTO customers(Customer_ID,Customer_Name,Email,City,Join_Date) VALUES (499,'Customer_499','customer499@example.com','Chicago','2023-05-14');
INSERT INTO customers(Customer_ID,Customer_Name,Email,City,Join_Date) VALUES (500,'Customer_500','customer500@example.com','New York','2023-05-15');
INSERT INTO customers(Customer_ID,Customer_Name,Email,City,Join_Date) VALUES (501,'Customer_501','customer501@example.com','Seattle','2023-05-16');
INSERT INTO customers(Customer_ID,Customer_Name,Email,City,Join_Date) VALUES (502,'Customer_502','customer502@example.com','Dallas','2023-05-17');
INSERT INTO customers(Customer_ID,Customer_Name,Email,City,Join_Date) VALUES (503,'Customer_503','customer503@example.com','Boston','2023-05-18');
INSERT INTO customers(Customer_ID,Customer_Name,Email,City,Join_Date) VALUES (504,'Customer_504','customer504@example.com','Boston','2023-05-19');
INSERT INTO customers(Customer_ID,Customer_Name,Email,City,Join_Date) VALUES (505,'Customer_505','customer505@example.com','New York','2023-05-20');
INSERT INTO customers(Customer_ID,Customer_Name,Email,City,Join_Date) VALUES (506,'Customer_506','customer506@example.com','Boston','2023-05-21');
INSERT INTO customers(Customer_ID,Customer_Name,Email,City,Join_Date) VALUES (507,'Customer_507','customer507@example.com','Dallas','2023-05-22');
INSERT INTO customers(Customer_ID,Customer_Name,Email,City,Join_Date) VALUES (508,'Customer_508','customer508@example.com','Miami','2023-05-23');
INSERT INTO customers(Customer_ID,Customer_Name,Email,City,Join_Date) VALUES (509,'Customer_509','customer509@example.com','Chicago','2023-05-24');
INSERT INTO customers(Customer_ID,Customer_Name,Email,City,Join_Date) VALUES (510,'Customer_510','customer510@example.com','Chicago','2023-05-25');
INSERT INTO customers(Customer_ID,Customer_Name,Email,City,Join_Date) VALUES (511,'Customer_511','customer511@example.com','Chicago','2023-05-26');
INSERT INTO customers(Customer_ID,Customer_Name,Email,City,Join_Date) VALUES (512,'Customer_512','customer512@example.com','Houston','2023-05-27');
INSERT INTO customers(Customer_ID,Customer_Name,Email,City,Join_Date) VALUES (513,'Customer_513','customer513@example.com','Seattle','2023-05-28');
INSERT INTO customers(Customer_ID,Customer_Name,Email,City,Join_Date) VALUES (514,'Customer_514','customer514@example.com','Dallas','2023-05-29');
INSERT INTO customers(Customer_ID,Customer_Name,Email,City,Join_Date) VALUES (515,'Customer_515','customer515@example.com','Chicago','2023-05-30');
INSERT INTO customers(Customer_ID,Customer_Name,Email,City,Join_Date) VALUES (516,'Customer_516','customer516@example.com','Houston','2023-05-31');
INSERT INTO customers(Customer_ID,Customer_Name,Email,City,Join_Date) VALUES (517,'Customer_517','customer517@example.com','Boston','2023-06-01');
INSERT INTO customers(Customer_ID,Customer_Name,Email,City,Join_Date) VALUES (518,'Customer_518','customer518@example.com','Houston','2023-06-02');
INSERT INTO customers(Customer_ID,Customer_Name,Email,City,Join_Date) VALUES (519,'Customer_519','customer519@example.com','Boston','2023-06-03');
INSERT INTO customers(Customer_ID,Customer_Name,Email,City,Join_Date) VALUES (520,'Customer_520','customer520@example.com','Houston','2023-06-04');
INSERT INTO customers(Customer_ID,Customer_Name,Email,City,Join_Date) VALUES (521,'Customer_521','customer521@example.com','Houston','2023-06-05');
INSERT INTO customers(Customer_ID,Customer_Name,Email,City,Join_Date) VALUES (522,'Customer_522','customer522@example.com','Seattle','2023-06-06');
INSERT INTO customers(Customer_ID,Customer_Name,Email,City,Join_Date) VALUES (523,'Customer_523','customer523@example.com','Houston','2023-06-07');
INSERT INTO customers(Customer_ID,Customer_Name,Email,City,Join_Date) VALUES (524,'Customer_524','customer524@example.com','Chicago','2023-06-08');
INSERT INTO customers(Customer_ID,Customer_Name,Email,City,Join_Date) VALUES (525,'Customer_525','customer525@example.com','Miami','2023-06-09');
INSERT INTO customers(Customer_ID,Customer_Name,Email,City,Join_Date) VALUES (526,'Customer_526','customer526@example.com','Seattle','2023-06-10');
INSERT INTO customers(Customer_ID,Customer_Name,Email,City,Join_Date) VALUES (527,'Customer_527','customer527@example.com','Dallas','2023-06-11');
INSERT INTO customers(Customer_ID,Customer_Name,Email,City,Join_Date) VALUES (528,'Customer_528','customer528@example.com','Dallas','2023-06-12');
INSERT INTO customers(Customer_ID,Customer_Name,Email,City,Join_Date) VALUES (529,'Customer_529','customer529@example.com','Dallas','2023-06-13');
INSERT INTO customers(Customer_ID,Customer_Name,Email,City,Join_Date) VALUES (530,'Customer_530','customer530@example.com','Chicago','2023-06-14');
INSERT INTO customers(Customer_ID,Customer_Name,Email,City,Join_Date) VALUES (531,'Customer_531','customer531@example.com','Chicago','2023-06-15');
INSERT INTO customers(Customer_ID,Customer_Name,Email,City,Join_Date) VALUES (532,'Customer_532','customer532@example.com','Dallas','2023-06-16');
INSERT INTO customers(Customer_ID,Customer_Name,Email,City,Join_Date) VALUES (533,'Customer_533','customer533@example.com','Boston','2023-06-17');
INSERT INTO customers(Customer_ID,Customer_Name,Email,City,Join_Date) VALUES (534,'Customer_534','customer534@example.com','Dallas','2023-06-18');
INSERT INTO customers(Customer_ID,Customer_Name,Email,City,Join_Date) VALUES (535,'Customer_535','customer535@example.com','New York','2023-06-19');
INSERT INTO customers(Customer_ID,Customer_Name,Email,City,Join_Date) VALUES (536,'Customer_536','customer536@example.com','Chicago','2023-06-20');
INSERT INTO customers(Customer_ID,Customer_Name,Email,City,Join_Date) VALUES (537,'Customer_537','customer537@example.com','Seattle','2023-06-21');
INSERT INTO customers(Customer_ID,Customer_Name,Email,City,Join_Date) VALUES (538,'Customer_538','customer538@example.com','Los Angeles','2023-06-22');
INSERT INTO customers(Customer_ID,Customer_Name,Email,City,Join_Date) VALUES (539,'Customer_539','customer539@example.com','Miami','2023-06-23');
INSERT INTO customers(Customer_ID,Customer_Name,Email,City,Join_Date) VALUES (540,'Customer_540','customer540@example.com','Los Angeles','2023-06-24');
INSERT INTO customers(Customer_ID,Customer_Name,Email,City,Join_Date) VALUES (541,'Customer_541','customer541@example.com','Los Angeles','2023-06-25');
INSERT INTO customers(Customer_ID,Customer_Name,Email,City,Join_Date) VALUES (542,'Customer_542','customer542@example.com','New York','2023-06-26');
INSERT INTO customers(Customer_ID,Customer_Name,Email,City,Join_Date) VALUES (543,'Customer_543','customer543@example.com','Los Angeles','2023-06-27');
INSERT INTO customers(Customer_ID,Customer_Name,Email,City,Join_Date) VALUES (544,'Customer_544','customer544@example.com','Houston','2023-06-28');
INSERT INTO customers(Customer_ID,Customer_Name,Email,City,Join_Date) VALUES (545,'Customer_545','customer545@example.com','New York','2023-06-29');
INSERT INTO customers(Customer_ID,Customer_Name,Email,City,Join_Date) VALUES (546,'Customer_546','customer546@example.com','Seattle','2023-06-30');
INSERT INTO customers(Customer_ID,Customer_Name,Email,City,Join_Date) VALUES (547,'Customer_547','customer547@example.com','New York','2023-07-01');
INSERT INTO customers(Customer_ID,Customer_Name,Email,City,Join_Date) VALUES (548,'Customer_548','customer548@example.com','Los Angeles','2023-07-02');
INSERT INTO customers(Customer_ID,Customer_Name,Email,City,Join_Date) VALUES (549,'Customer_549','customer549@example.com','Miami','2023-07-03');
INSERT INTO customers(Customer_ID,Customer_Name,Email,City,Join_Date) VALUES (550,'Customer_550','customer550@example.com','Chicago','2023-07-04');
INSERT INTO customers(Customer_ID,Customer_Name,Email,City,Join_Date) VALUES (551,'Customer_551','customer551@example.com','Boston','2023-07-05');
INSERT INTO customers(Customer_ID,Customer_Name,Email,City,Join_Date) VALUES (552,'Customer_552','customer552@example.com','Dallas','2023-07-06');
INSERT INTO customers(Customer_ID,Customer_Name,Email,City,Join_Date) VALUES (553,'Customer_553','customer553@example.com','Chicago','2023-07-07');
INSERT INTO customers(Customer_ID,Customer_Name,Email,City,Join_Date) VALUES (554,'Customer_554','customer554@example.com','Chicago','2023-07-08');
INSERT INTO customers(Customer_ID,Customer_Name,Email,City,Join_Date) VALUES (555,'Customer_555','customer555@example.com','Miami','2023-07-09');
INSERT INTO customers(Customer_ID,Customer_Name,Email,City,Join_Date) VALUES (556,'Customer_556','customer556@example.com','Boston','2023-07-10');
INSERT INTO customers(Customer_ID,Customer_Name,Email,City,Join_Date) VALUES (557,'Customer_557','customer557@example.com','Boston','2023-07-11');
INSERT INTO customers(Customer_ID,Customer_Name,Email,City,Join_Date) VALUES (558,'Customer_558','customer558@example.com','Boston','2023-07-12');
INSERT INTO customers(Customer_ID,Customer_Name,Email,City,Join_Date) VALUES (559,'Customer_559','customer559@example.com','Houston','2023-07-13');
INSERT INTO customers(Customer_ID,Customer_Name,Email,City,Join_Date) VALUES (560,'Customer_560','customer560@example.com','Seattle','2023-07-14');
INSERT INTO customers(Customer_ID,Customer_Name,Email,City,Join_Date) VALUES (561,'Customer_561','customer561@example.com','Boston','2023-07-15');
INSERT INTO customers(Customer_ID,Customer_Name,Email,City,Join_Date) VALUES (562,'Customer_562','customer562@example.com','Dallas','2023-07-16');
INSERT INTO customers(Customer_ID,Customer_Name,Email,City,Join_Date) VALUES (563,'Customer_563','customer563@example.com','Miami','2023-07-17');
INSERT INTO customers(Customer_ID,Customer_Name,Email,City,Join_Date) VALUES (564,'Customer_564','customer564@example.com','Chicago','2023-07-18');
INSERT INTO customers(Customer_ID,Customer_Name,Email,City,Join_Date) VALUES (565,'Customer_565','customer565@example.com','Seattle','2023-07-19');
INSERT INTO customers(Customer_ID,Customer_Name,Email,City,Join_Date) VALUES (566,'Customer_566','customer566@example.com','New York','2023-07-20');
INSERT INTO customers(Customer_ID,Customer_Name,Email,City,Join_Date) VALUES (567,'Customer_567','customer567@example.com','Houston','2023-07-21');
INSERT INTO customers(Customer_ID,Customer_Name,Email,City,Join_Date) VALUES (568,'Customer_568','customer568@example.com','Seattle','2023-07-22');
INSERT INTO customers(Customer_ID,Customer_Name,Email,City,Join_Date) VALUES (569,'Customer_569','customer569@example.com','Chicago','2023-07-23');
INSERT INTO customers(Customer_ID,Customer_Name,Email,City,Join_Date) VALUES (570,'Customer_570','customer570@example.com','Boston','2023-07-24');
INSERT INTO customers(Customer_ID,Customer_Name,Email,City,Join_Date) VALUES (571,'Customer_571','customer571@example.com','Miami','2023-07-25');
INSERT INTO customers(Customer_ID,Customer_Name,Email,City,Join_Date) VALUES (572,'Customer_572','customer572@example.com','Miami','2023-07-26');
INSERT INTO customers(Customer_ID,Customer_Name,Email,City,Join_Date) VALUES (573,'Customer_573','customer573@example.com','Boston','2023-07-27');
INSERT INTO customers(Customer_ID,Customer_Name,Email,City,Join_Date) VALUES (574,'Customer_574','customer574@example.com','Houston','2023-07-28');
INSERT INTO customers(Customer_ID,Customer_Name,Email,City,Join_Date) VALUES (575,'Customer_575','customer575@example.com','Seattle','2023-07-29');
INSERT INTO customers(Customer_ID,Customer_Name,Email,City,Join_Date) VALUES (576,'Customer_576','customer576@example.com','Seattle','2023-07-30');
INSERT INTO customers(Customer_ID,Customer_Name,Email,City,Join_Date) VALUES (577,'Customer_577','customer577@example.com','Los Angeles','2023-07-31');
INSERT INTO customers(Customer_ID,Customer_Name,Email,City,Join_Date) VALUES (578,'Customer_578','customer578@example.com','Dallas','2023-08-01');
INSERT INTO customers(Customer_ID,Customer_Name,Email,City,Join_Date) VALUES (579,'Customer_579','customer579@example.com','Chicago','2023-08-02');
INSERT INTO customers(Customer_ID,Customer_Name,Email,City,Join_Date) VALUES (580,'Customer_580','customer580@example.com','Miami','2023-08-03');
INSERT INTO customers(Customer_ID,Customer_Name,Email,City,Join_Date) VALUES (581,'Customer_581','customer581@example.com','Los Angeles','2023-08-04');
INSERT INTO customers(Customer_ID,Customer_Name,Email,City,Join_Date) VALUES (582,'Customer_582','customer582@example.com','New York','2023-08-05');
INSERT INTO customers(Customer_ID,Customer_Name,Email,City,Join_Date) VALUES (583,'Customer_583','customer583@example.com','Miami','2023-08-06');
INSERT INTO customers(Customer_ID,Customer_Name,Email,City,Join_Date) VALUES (584,'Customer_584','customer584@example.com','Chicago','2023-08-07');
INSERT INTO customers(Customer_ID,Customer_Name,Email,City,Join_Date) VALUES (585,'Customer_585','customer585@example.com','Houston','2023-08-08');
INSERT INTO customers(Customer_ID,Customer_Name,Email,City,Join_Date) VALUES (586,'Customer_586','customer586@example.com','Dallas','2023-08-09');
INSERT INTO customers(Customer_ID,Customer_Name,Email,City,Join_Date) VALUES (587,'Customer_587','customer587@example.com','Los Angeles','2023-08-10');
INSERT INTO customers(Customer_ID,Customer_Name,Email,City,Join_Date) VALUES (588,'Customer_588','customer588@example.com','Seattle','2023-08-11');
INSERT INTO customers(Customer_ID,Customer_Name,Email,City,Join_Date) VALUES (589,'Customer_589','customer589@example.com','Seattle','2023-08-12');
INSERT INTO customers(Customer_ID,Customer_Name,Email,City,Join_Date) VALUES (590,'Customer_590','customer590@example.com','Seattle','2023-08-13');
INSERT INTO customers(Customer_ID,Customer_Name,Email,City,Join_Date) VALUES (591,'Customer_591','customer591@example.com','Houston','2023-08-14');
INSERT INTO customers(Customer_ID,Customer_Name,Email,City,Join_Date) VALUES (592,'Customer_592','customer592@example.com','Dallas','2023-08-15');
INSERT INTO customers(Customer_ID,Customer_Name,Email,City,Join_Date) VALUES (593,'Customer_593','customer593@example.com','Miami','2023-08-16');
INSERT INTO customers(Customer_ID,Customer_Name,Email,City,Join_Date) VALUES (594,'Customer_594','customer594@example.com','Dallas','2023-08-17');
INSERT INTO customers(Customer_ID,Customer_Name,Email,City,Join_Date) VALUES (595,'Customer_595','customer595@example.com','Seattle','2023-08-18');
INSERT INTO customers(Customer_ID,Customer_Name,Email,City,Join_Date) VALUES (596,'Customer_596','customer596@example.com','Los Angeles','2023-08-19');
INSERT INTO customers(Customer_ID,Customer_Name,Email,City,Join_Date) VALUES (597,'Customer_597','customer597@example.com','Miami','2023-08-20');
INSERT INTO customers(Customer_ID,Customer_Name,Email,City,Join_Date) VALUES (598,'Customer_598','customer598@example.com','Dallas','2023-08-21');
INSERT INTO customers(Customer_ID,Customer_Name,Email,City,Join_Date) VALUES (599,'Customer_599','customer599@example.com','Miami','2023-08-22');
INSERT INTO customers(Customer_ID,Customer_Name,Email,City,Join_Date) VALUES (600,'Customer_600','customer600@example.com','Houston','2023-08-23');
INSERT INTO customers(Customer_ID,Customer_Name,Email,City,Join_Date) VALUES (601,'Customer_601','customer601@example.com','New York','2023-08-24');
INSERT INTO customers(Customer_ID,Customer_Name,Email,City,Join_Date) VALUES (602,'Customer_602','customer602@example.com','Miami','2023-08-25');
INSERT INTO customers(Customer_ID,Customer_Name,Email,City,Join_Date) VALUES (603,'Customer_603','customer603@example.com','New York','2023-08-26');
INSERT INTO customers(Customer_ID,Customer_Name,Email,City,Join_Date) VALUES (604,'Customer_604','customer604@example.com','Miami','2023-08-27');
INSERT INTO customers(Customer_ID,Customer_Name,Email,City,Join_Date) VALUES (605,'Customer_605','customer605@example.com','Los Angeles','2023-08-28');
INSERT INTO customers(Customer_ID,Customer_Name,Email,City,Join_Date) VALUES (606,'Customer_606','customer606@example.com','Dallas','2023-08-29');
INSERT INTO customers(Customer_ID,Customer_Name,Email,City,Join_Date) VALUES (607,'Customer_607','customer607@example.com','Seattle','2023-08-30');
INSERT INTO customers(Customer_ID,Customer_Name,Email,City,Join_Date) VALUES (608,'Customer_608','customer608@example.com','Seattle','2023-08-31');
INSERT INTO customers(Customer_ID,Customer_Name,Email,City,Join_Date) VALUES (609,'Customer_609','customer609@example.com','New York','2023-09-01');
INSERT INTO customers(Customer_ID,Customer_Name,Email,City,Join_Date) VALUES (610,'Customer_610','customer610@example.com','Houston','2023-09-02');
INSERT INTO customers(Customer_ID,Customer_Name,Email,City,Join_Date) VALUES (611,'Customer_611','customer611@example.com','Seattle','2023-09-03');
INSERT INTO customers(Customer_ID,Customer_Name,Email,City,Join_Date) VALUES (612,'Customer_612','customer612@example.com','Houston','2023-09-04');
INSERT INTO customers(Customer_ID,Customer_Name,Email,City,Join_Date) VALUES (613,'Customer_613','customer613@example.com','Dallas','2023-09-05');
INSERT INTO customers(Customer_ID,Customer_Name,Email,City,Join_Date) VALUES (614,'Customer_614','customer614@example.com','New York','2023-09-06');
INSERT INTO customers(Customer_ID,Customer_Name,Email,City,Join_Date) VALUES (615,'Customer_615','customer615@example.com','Seattle','2023-09-07');
INSERT INTO customers(Customer_ID,Customer_Name,Email,City,Join_Date) VALUES (616,'Customer_616','customer616@example.com','Chicago','2023-09-08');
INSERT INTO customers(Customer_ID,Customer_Name,Email,City,Join_Date) VALUES (617,'Customer_617','customer617@example.com','Seattle','2023-09-09');
INSERT INTO customers(Customer_ID,Customer_Name,Email,City,Join_Date) VALUES (618,'Customer_618','customer618@example.com','Chicago','2023-09-10');
INSERT INTO customers(Customer_ID,Customer_Name,Email,City,Join_Date) VALUES (619,'Customer_619','customer619@example.com','Boston','2023-09-11');
INSERT INTO customers(Customer_ID,Customer_Name,Email,City,Join_Date) VALUES (620,'Customer_620','customer620@example.com','Miami','2023-09-12');
INSERT INTO customers(Customer_ID,Customer_Name,Email,City,Join_Date) VALUES (621,'Customer_621','customer621@example.com','Seattle','2023-09-13');
INSERT INTO customers(Customer_ID,Customer_Name,Email,City,Join_Date) VALUES (622,'Customer_622','customer622@example.com','Seattle','2023-09-14');
INSERT INTO customers(Customer_ID,Customer_Name,Email,City,Join_Date) VALUES (623,'Customer_623','customer623@example.com','New York','2023-09-15');
INSERT INTO customers(Customer_ID,Customer_Name,Email,City,Join_Date) VALUES (624,'Customer_624','customer624@example.com','Seattle','2023-09-16');
INSERT INTO customers(Customer_ID,Customer_Name,Email,City,Join_Date) VALUES (625,'Customer_625','customer625@example.com','Boston','2023-09-17');
INSERT INTO customers(Customer_ID,Customer_Name,Email,City,Join_Date) VALUES (626,'Customer_626','customer626@example.com','Dallas','2023-09-18');
INSERT INTO customers(Customer_ID,Customer_Name,Email,City,Join_Date) VALUES (627,'Customer_627','customer627@example.com','Houston','2023-09-19');
INSERT INTO customers(Customer_ID,Customer_Name,Email,City,Join_Date) VALUES (628,'Customer_628','customer628@example.com','Chicago','2023-09-20');
INSERT INTO customers(Customer_ID,Customer_Name,Email,City,Join_Date) VALUES (629,'Customer_629','customer629@example.com','New York','2023-09-21');
INSERT INTO customers(Customer_ID,Customer_Name,Email,City,Join_Date) VALUES (630,'Customer_630','customer630@example.com','Seattle','2023-09-22');
INSERT INTO customers(Customer_ID,Customer_Name,Email,City,Join_Date) VALUES (631,'Customer_631','customer631@example.com','Los Angeles','2023-09-23');
INSERT INTO customers(Customer_ID,Customer_Name,Email,City,Join_Date) VALUES (632,'Customer_632','customer632@example.com','Seattle','2023-09-24');
INSERT INTO customers(Customer_ID,Customer_Name,Email,City,Join_Date) VALUES (633,'Customer_633','customer633@example.com','Boston','2023-09-25');
INSERT INTO customers(Customer_ID,Customer_Name,Email,City,Join_Date) VALUES (634,'Customer_634','customer634@example.com','Houston','2023-09-26');
INSERT INTO customers(Customer_ID,Customer_Name,Email,City,Join_Date) VALUES (635,'Customer_635','customer635@example.com','Chicago','2023-09-27');
INSERT INTO customers(Customer_ID,Customer_Name,Email,City,Join_Date) VALUES (636,'Customer_636','customer636@example.com','Boston','2023-09-28');
INSERT INTO customers(Customer_ID,Customer_Name,Email,City,Join_Date) VALUES (637,'Customer_637','customer637@example.com','New York','2023-09-29');
INSERT INTO customers(Customer_ID,Customer_Name,Email,City,Join_Date) VALUES (638,'Customer_638','customer638@example.com','Boston','2023-09-30');
INSERT INTO customers(Customer_ID,Customer_Name,Email,City,Join_Date) VALUES (639,'Customer_639','customer639@example.com','Chicago','2023-10-01');
INSERT INTO customers(Customer_ID,Customer_Name,Email,City,Join_Date) VALUES (640,'Customer_640','customer640@example.com','Seattle','2023-10-02');
INSERT INTO customers(Customer_ID,Customer_Name,Email,City,Join_Date) VALUES (641,'Customer_641','customer641@example.com','Miami','2023-10-03');
INSERT INTO customers(Customer_ID,Customer_Name,Email,City,Join_Date) VALUES (642,'Customer_642','customer642@example.com','Boston','2023-10-04');
INSERT INTO customers(Customer_ID,Customer_Name,Email,City,Join_Date) VALUES (643,'Customer_643','customer643@example.com','Houston','2023-10-05');
INSERT INTO customers(Customer_ID,Customer_Name,Email,City,Join_Date) VALUES (644,'Customer_644','customer644@example.com','Miami','2023-10-06');
INSERT INTO customers(Customer_ID,Customer_Name,Email,City,Join_Date) VALUES (645,'Customer_645','customer645@example.com','Boston','2023-10-07');
INSERT INTO customers(Customer_ID,Customer_Name,Email,City,Join_Date) VALUES (646,'Customer_646','customer646@example.com','Miami','2023-10-08');
INSERT INTO customers(Customer_ID,Customer_Name,Email,City,Join_Date) VALUES (647,'Customer_647','customer647@example.com','Houston','2023-10-09');
INSERT INTO customers(Customer_ID,Customer_Name,Email,City,Join_Date) VALUES (648,'Customer_648','customer648@example.com','Houston','2023-10-10');
INSERT INTO customers(Customer_ID,Customer_Name,Email,City,Join_Date) VALUES (649,'Customer_649','customer649@example.com','Boston','2023-10-11');
INSERT INTO customers(Customer_ID,Customer_Name,Email,City,Join_Date) VALUES (650,'Customer_650','customer650@example.com','Miami','2023-10-12');
INSERT INTO customers(Customer_ID,Customer_Name,Email,City,Join_Date) VALUES (651,'Customer_651','customer651@example.com','New York','2023-10-13');
INSERT INTO customers(Customer_ID,Customer_Name,Email,City,Join_Date) VALUES (652,'Customer_652','customer652@example.com','Miami','2023-10-14');
INSERT INTO customers(Customer_ID,Customer_Name,Email,City,Join_Date) VALUES (653,'Customer_653','customer653@example.com','Los Angeles','2023-10-15');
INSERT INTO customers(Customer_ID,Customer_Name,Email,City,Join_Date) VALUES (654,'Customer_654','customer654@example.com','New York','2023-10-16');
INSERT INTO customers(Customer_ID,Customer_Name,Email,City,Join_Date) VALUES (655,'Customer_655','customer655@example.com','Houston','2023-10-17');
INSERT INTO customers(Customer_ID,Customer_Name,Email,City,Join_Date) VALUES (656,'Customer_656','customer656@example.com','Dallas','2023-10-18');
INSERT INTO customers(Customer_ID,Customer_Name,Email,City,Join_Date) VALUES (657,'Customer_657','customer657@example.com','Boston','2023-10-19');
INSERT INTO customers(Customer_ID,Customer_Name,Email,City,Join_Date) VALUES (658,'Customer_658','customer658@example.com','Chicago','2023-10-20');
INSERT INTO customers(Customer_ID,Customer_Name,Email,City,Join_Date) VALUES (659,'Customer_659','customer659@example.com','Seattle','2023-10-21');
INSERT INTO customers(Customer_ID,Customer_Name,Email,City,Join_Date) VALUES (660,'Customer_660','customer660@example.com','Dallas','2023-10-22');
INSERT INTO customers(Customer_ID,Customer_Name,Email,City,Join_Date) VALUES (661,'Customer_661','customer661@example.com','New York','2023-10-23');
INSERT INTO customers(Customer_ID,Customer_Name,Email,City,Join_Date) VALUES (662,'Customer_662','customer662@example.com','Miami','2023-10-24');
INSERT INTO customers(Customer_ID,Customer_Name,Email,City,Join_Date) VALUES (663,'Customer_663','customer663@example.com','Dallas','2023-10-25');
INSERT INTO customers(Customer_ID,Customer_Name,Email,City,Join_Date) VALUES (664,'Customer_664','customer664@example.com','Dallas','2023-10-26');
INSERT INTO customers(Customer_ID,Customer_Name,Email,City,Join_Date) VALUES (665,'Customer_665','customer665@example.com','New York','2023-10-27');
INSERT INTO customers(Customer_ID,Customer_Name,Email,City,Join_Date) VALUES (666,'Customer_666','customer666@example.com','Chicago','2023-10-28');
INSERT INTO customers(Customer_ID,Customer_Name,Email,City,Join_Date) VALUES (667,'Customer_667','customer667@example.com','Chicago','2023-10-29');
INSERT INTO customers(Customer_ID,Customer_Name,Email,City,Join_Date) VALUES (668,'Customer_668','customer668@example.com','Boston','2023-10-30');
INSERT INTO customers(Customer_ID,Customer_Name,Email,City,Join_Date) VALUES (669,'Customer_669','customer669@example.com','Dallas','2023-10-31');
INSERT INTO customers(Customer_ID,Customer_Name,Email,City,Join_Date) VALUES (670,'Customer_670','customer670@example.com','Seattle','2023-11-01');
INSERT INTO customers(Customer_ID,Customer_Name,Email,City,Join_Date) VALUES (671,'Customer_671','customer671@example.com','Dallas','2023-11-02');
INSERT INTO customers(Customer_ID,Customer_Name,Email,City,Join_Date) VALUES (672,'Customer_672','customer672@example.com','Boston','2023-11-03');
INSERT INTO customers(Customer_ID,Customer_Name,Email,City,Join_Date) VALUES (673,'Customer_673','customer673@example.com','Seattle','2023-11-04');
INSERT INTO customers(Customer_ID,Customer_Name,Email,City,Join_Date) VALUES (674,'Customer_674','customer674@example.com','Dallas','2023-11-05');
INSERT INTO customers(Customer_ID,Customer_Name,Email,City,Join_Date) VALUES (675,'Customer_675','customer675@example.com','New York','2023-11-06');
INSERT INTO customers(Customer_ID,Customer_Name,Email,City,Join_Date) VALUES (676,'Customer_676','customer676@example.com','Boston','2023-11-07');
INSERT INTO customers(Customer_ID,Customer_Name,Email,City,Join_Date) VALUES (677,'Customer_677','customer677@example.com','Houston','2023-11-08');
INSERT INTO customers(Customer_ID,Customer_Name,Email,City,Join_Date) VALUES (678,'Customer_678','customer678@example.com','Houston','2023-11-09');
INSERT INTO customers(Customer_ID,Customer_Name,Email,City,Join_Date) VALUES (679,'Customer_679','customer679@example.com','New York','2023-11-10');
INSERT INTO customers(Customer_ID,Customer_Name,Email,City,Join_Date) VALUES (680,'Customer_680','customer680@example.com','Boston','2023-11-11');
INSERT INTO customers(Customer_ID,Customer_Name,Email,City,Join_Date) VALUES (681,'Customer_681','customer681@example.com','Boston','2023-11-12');
INSERT INTO customers(Customer_ID,Customer_Name,Email,City,Join_Date) VALUES (682,'Customer_682','customer682@example.com','Miami','2023-11-13');
INSERT INTO customers(Customer_ID,Customer_Name,Email,City,Join_Date) VALUES (683,'Customer_683','customer683@example.com','Seattle','2023-11-14');
INSERT INTO customers(Customer_ID,Customer_Name,Email,City,Join_Date) VALUES (684,'Customer_684','customer684@example.com','Houston','2023-11-15');
INSERT INTO customers(Customer_ID,Customer_Name,Email,City,Join_Date) VALUES (685,'Customer_685','customer685@example.com','Miami','2023-11-16');
INSERT INTO customers(Customer_ID,Customer_Name,Email,City,Join_Date) VALUES (686,'Customer_686','customer686@example.com','Houston','2023-11-17');
INSERT INTO customers(Customer_ID,Customer_Name,Email,City,Join_Date) VALUES (687,'Customer_687','customer687@example.com','Boston','2023-11-18');
INSERT INTO customers(Customer_ID,Customer_Name,Email,City,Join_Date) VALUES (688,'Customer_688','customer688@example.com','Dallas','2023-11-19');
INSERT INTO customers(Customer_ID,Customer_Name,Email,City,Join_Date) VALUES (689,'Customer_689','customer689@example.com','New York','2023-11-20');
INSERT INTO customers(Customer_ID,Customer_Name,Email,City,Join_Date) VALUES (690,'Customer_690','customer690@example.com','Los Angeles','2023-11-21');
INSERT INTO customers(Customer_ID,Customer_Name,Email,City,Join_Date) VALUES (691,'Customer_691','customer691@example.com','Miami','2023-11-22');
INSERT INTO customers(Customer_ID,Customer_Name,Email,City,Join_Date) VALUES (692,'Customer_692','customer692@example.com','Los Angeles','2023-11-23');
INSERT INTO customers(Customer_ID,Customer_Name,Email,City,Join_Date) VALUES (693,'Customer_693','customer693@example.com','Miami','2023-11-24');
INSERT INTO customers(Customer_ID,Customer_Name,Email,City,Join_Date) VALUES (694,'Customer_694','customer694@example.com','Los Angeles','2023-11-25');
INSERT INTO customers(Customer_ID,Customer_Name,Email,City,Join_Date) VALUES (695,'Customer_695','customer695@example.com','Chicago','2023-11-26');
INSERT INTO customers(Customer_ID,Customer_Name,Email,City,Join_Date) VALUES (696,'Customer_696','customer696@example.com','Boston','2023-11-27');
INSERT INTO customers(Customer_ID,Customer_Name,Email,City,Join_Date) VALUES (697,'Customer_697','customer697@example.com','Dallas','2023-11-28');
INSERT INTO customers(Customer_ID,Customer_Name,Email,City,Join_Date) VALUES (698,'Customer_698','customer698@example.com','Houston','2023-11-29');
INSERT INTO customers(Customer_ID,Customer_Name,Email,City,Join_Date) VALUES (699,'Customer_699','customer699@example.com','Houston','2023-11-30');
INSERT INTO customers(Customer_ID,Customer_Name,Email,City,Join_Date) VALUES (700,'Customer_700','customer700@example.com','Dallas','2023-12-01');
INSERT INTO customers(Customer_ID,Customer_Name,Email,City,Join_Date) VALUES (701,'Customer_701','customer701@example.com','Boston','2023-12-02');
INSERT INTO customers(Customer_ID,Customer_Name,Email,City,Join_Date) VALUES (702,'Customer_702','customer702@example.com','Chicago','2023-12-03');
INSERT INTO customers(Customer_ID,Customer_Name,Email,City,Join_Date) VALUES (703,'Customer_703','customer703@example.com','Boston','2023-12-04');
INSERT INTO customers(Customer_ID,Customer_Name,Email,City,Join_Date) VALUES (704,'Customer_704','customer704@example.com','Boston','2023-12-05');
INSERT INTO customers(Customer_ID,Customer_Name,Email,City,Join_Date) VALUES (705,'Customer_705','customer705@example.com','Los Angeles','2023-12-06');
INSERT INTO customers(Customer_ID,Customer_Name,Email,City,Join_Date) VALUES (706,'Customer_706','customer706@example.com','Seattle','2023-12-07');
INSERT INTO customers(Customer_ID,Customer_Name,Email,City,Join_Date) VALUES (707,'Customer_707','customer707@example.com','Chicago','2023-12-08');
INSERT INTO customers(Customer_ID,Customer_Name,Email,City,Join_Date) VALUES (708,'Customer_708','customer708@example.com','Chicago','2023-12-09');
INSERT INTO customers(Customer_ID,Customer_Name,Email,City,Join_Date) VALUES (709,'Customer_709','customer709@example.com','Dallas','2023-12-10');
INSERT INTO customers(Customer_ID,Customer_Name,Email,City,Join_Date) VALUES (710,'Customer_710','customer710@example.com','Seattle','2023-12-11');
INSERT INTO customers(Customer_ID,Customer_Name,Email,City,Join_Date) VALUES (711,'Customer_711','customer711@example.com','Houston','2023-12-12');
INSERT INTO customers(Customer_ID,Customer_Name,Email,City,Join_Date) VALUES (712,'Customer_712','customer712@example.com','Chicago','2023-12-13');
INSERT INTO customers(Customer_ID,Customer_Name,Email,City,Join_Date) VALUES (713,'Customer_713','customer713@example.com','Dallas','2023-12-14');
INSERT INTO customers(Customer_ID,Customer_Name,Email,City,Join_Date) VALUES (714,'Customer_714','customer714@example.com','Dallas','2023-12-15');
INSERT INTO customers(Customer_ID,Customer_Name,Email,City,Join_Date) VALUES (715,'Customer_715','customer715@example.com','Los Angeles','2023-12-16');
INSERT INTO customers(Customer_ID,Customer_Name,Email,City,Join_Date) VALUES (716,'Customer_716','customer716@example.com','Dallas','2023-12-17');
INSERT INTO customers(Customer_ID,Customer_Name,Email,City,Join_Date) VALUES (717,'Customer_717','customer717@example.com','Seattle','2023-12-18');
INSERT INTO customers(Customer_ID,Customer_Name,Email,City,Join_Date) VALUES (718,'Customer_718','customer718@example.com','Houston','2023-12-19');
INSERT INTO customers(Customer_ID,Customer_Name,Email,City,Join_Date) VALUES (719,'Customer_719','customer719@example.com','Seattle','2023-12-20');
INSERT INTO customers(Customer_ID,Customer_Name,Email,City,Join_Date) VALUES (720,'Customer_720','customer720@example.com','Dallas','2023-12-21');
INSERT INTO customers(Customer_ID,Customer_Name,Email,City,Join_Date) VALUES (721,'Customer_721','customer721@example.com','Boston','2023-12-22');
INSERT INTO customers(Customer_ID,Customer_Name,Email,City,Join_Date) VALUES (722,'Customer_722','customer722@example.com','Houston','2023-12-23');
INSERT INTO customers(Customer_ID,Customer_Name,Email,City,Join_Date) VALUES (723,'Customer_723','customer723@example.com','Seattle','2023-12-24');
INSERT INTO customers(Customer_ID,Customer_Name,Email,City,Join_Date) VALUES (724,'Customer_724','customer724@example.com','Seattle','2023-12-25');
INSERT INTO customers(Customer_ID,Customer_Name,Email,City,Join_Date) VALUES (725,'Customer_725','customer725@example.com','Dallas','2023-12-26');
INSERT INTO customers(Customer_ID,Customer_Name,Email,City,Join_Date) VALUES (726,'Customer_726','customer726@example.com','Chicago','2023-12-27');
INSERT INTO customers(Customer_ID,Customer_Name,Email,City,Join_Date) VALUES (727,'Customer_727','customer727@example.com','Houston','2023-12-28');
INSERT INTO customers(Customer_ID,Customer_Name,Email,City,Join_Date) VALUES (728,'Customer_728','customer728@example.com','Chicago','2023-12-29');
INSERT INTO customers(Customer_ID,Customer_Name,Email,City,Join_Date) VALUES (729,'Customer_729','customer729@example.com','New York','2023-12-30');
INSERT INTO customers(Customer_ID,Customer_Name,Email,City,Join_Date) VALUES (730,'Customer_730','customer730@example.com','Miami','2023-12-31');
INSERT INTO customers(Customer_ID,Customer_Name,Email,City,Join_Date) VALUES (731,'Customer_731','customer731@example.com','Seattle','2024-01-01');
INSERT INTO customers(Customer_ID,Customer_Name,Email,City,Join_Date) VALUES (732,'Customer_732','customer732@example.com','Dallas','2024-01-02');
INSERT INTO customers(Customer_ID,Customer_Name,Email,City,Join_Date) VALUES (733,'Customer_733','customer733@example.com','Dallas','2024-01-03');
INSERT INTO customers(Customer_ID,Customer_Name,Email,City,Join_Date) VALUES (734,'Customer_734','customer734@example.com','Seattle','2024-01-04');
INSERT INTO customers(Customer_ID,Customer_Name,Email,City,Join_Date) VALUES (735,'Customer_735','customer735@example.com','Seattle','2024-01-05');
INSERT INTO customers(Customer_ID,Customer_Name,Email,City,Join_Date) VALUES (736,'Customer_736','customer736@example.com','Dallas','2024-01-06');
INSERT INTO customers(Customer_ID,Customer_Name,Email,City,Join_Date) VALUES (737,'Customer_737','customer737@example.com','Los Angeles','2024-01-07');
INSERT INTO customers(Customer_ID,Customer_Name,Email,City,Join_Date) VALUES (738,'Customer_738','customer738@example.com','Chicago','2024-01-08');
INSERT INTO customers(Customer_ID,Customer_Name,Email,City,Join_Date) VALUES (739,'Customer_739','customer739@example.com','Seattle','2024-01-09');
INSERT INTO customers(Customer_ID,Customer_Name,Email,City,Join_Date) VALUES (740,'Customer_740','customer740@example.com','Chicago','2024-01-10');
INSERT INTO customers(Customer_ID,Customer_Name,Email,City,Join_Date) VALUES (741,'Customer_741','customer741@example.com','Boston','2024-01-11');
INSERT INTO customers(Customer_ID,Customer_Name,Email,City,Join_Date) VALUES (742,'Customer_742','customer742@example.com','Boston','2024-01-12');
INSERT INTO customers(Customer_ID,Customer_Name,Email,City,Join_Date) VALUES (743,'Customer_743','customer743@example.com','Dallas','2024-01-13');
INSERT INTO customers(Customer_ID,Customer_Name,Email,City,Join_Date) VALUES (744,'Customer_744','customer744@example.com','Boston','2024-01-14');
INSERT INTO customers(Customer_ID,Customer_Name,Email,City,Join_Date) VALUES (745,'Customer_745','customer745@example.com','Miami','2024-01-15');
INSERT INTO customers(Customer_ID,Customer_Name,Email,City,Join_Date) VALUES (746,'Customer_746','customer746@example.com','Boston','2024-01-16');
INSERT INTO customers(Customer_ID,Customer_Name,Email,City,Join_Date) VALUES (747,'Customer_747','customer747@example.com','Houston','2024-01-17');
INSERT INTO customers(Customer_ID,Customer_Name,Email,City,Join_Date) VALUES (748,'Customer_748','customer748@example.com','Miami','2024-01-18');
INSERT INTO customers(Customer_ID,Customer_Name,Email,City,Join_Date) VALUES (749,'Customer_749','customer749@example.com','Houston','2024-01-19');
INSERT INTO customers(Customer_ID,Customer_Name,Email,City,Join_Date) VALUES (750,'Customer_750','customer750@example.com','New York','2024-01-20');
INSERT INTO customers(Customer_ID,Customer_Name,Email,City,Join_Date) VALUES (751,'Customer_751','customer751@example.com','Los Angeles','2024-01-21');
INSERT INTO customers(Customer_ID,Customer_Name,Email,City,Join_Date) VALUES (752,'Customer_752','customer752@example.com','Seattle','2024-01-22');
INSERT INTO customers(Customer_ID,Customer_Name,Email,City,Join_Date) VALUES (753,'Customer_753','customer753@example.com','Los Angeles','2024-01-23');
INSERT INTO customers(Customer_ID,Customer_Name,Email,City,Join_Date) VALUES (754,'Customer_754','customer754@example.com','Los Angeles','2024-01-24');
INSERT INTO customers(Customer_ID,Customer_Name,Email,City,Join_Date) VALUES (755,'Customer_755','customer755@example.com','Chicago','2024-01-25');
INSERT INTO customers(Customer_ID,Customer_Name,Email,City,Join_Date) VALUES (756,'Customer_756','customer756@example.com','New York','2024-01-26');
INSERT INTO customers(Customer_ID,Customer_Name,Email,City,Join_Date) VALUES (757,'Customer_757','customer757@example.com','Seattle','2024-01-27');
INSERT INTO customers(Customer_ID,Customer_Name,Email,City,Join_Date) VALUES (758,'Customer_758','customer758@example.com','Los Angeles','2024-01-28');
INSERT INTO customers(Customer_ID,Customer_Name,Email,City,Join_Date) VALUES (759,'Customer_759','customer759@example.com','Seattle','2024-01-29');
INSERT INTO customers(Customer_ID,Customer_Name,Email,City,Join_Date) VALUES (760,'Customer_760','customer760@example.com','Chicago','2024-01-30');
INSERT INTO customers(Customer_ID,Customer_Name,Email,City,Join_Date) VALUES (761,'Customer_761','customer761@example.com','Miami','2024-01-31');
INSERT INTO customers(Customer_ID,Customer_Name,Email,City,Join_Date) VALUES (762,'Customer_762','customer762@example.com','Miami','2024-02-01');
INSERT INTO customers(Customer_ID,Customer_Name,Email,City,Join_Date) VALUES (763,'Customer_763','customer763@example.com','Los Angeles','2024-02-02');
INSERT INTO customers(Customer_ID,Customer_Name,Email,City,Join_Date) VALUES (764,'Customer_764','customer764@example.com','Houston','2024-02-03');
INSERT INTO customers(Customer_ID,Customer_Name,Email,City,Join_Date) VALUES (765,'Customer_765','customer765@example.com','New York','2024-02-04');
INSERT INTO customers(Customer_ID,Customer_Name,Email,City,Join_Date) VALUES (766,'Customer_766','customer766@example.com','Chicago','2024-02-05');
INSERT INTO customers(Customer_ID,Customer_Name,Email,City,Join_Date) VALUES (767,'Customer_767','customer767@example.com','Houston','2024-02-06');
INSERT INTO customers(Customer_ID,Customer_Name,Email,City,Join_Date) VALUES (768,'Customer_768','customer768@example.com','Miami','2024-02-07');
INSERT INTO customers(Customer_ID,Customer_Name,Email,City,Join_Date) VALUES (769,'Customer_769','customer769@example.com','Los Angeles','2024-02-08');
INSERT INTO customers(Customer_ID,Customer_Name,Email,City,Join_Date) VALUES (770,'Customer_770','customer770@example.com','Miami','2024-02-09');
INSERT INTO customers(Customer_ID,Customer_Name,Email,City,Join_Date) VALUES (771,'Customer_771','customer771@example.com','Chicago','2024-02-10');
INSERT INTO customers(Customer_ID,Customer_Name,Email,City,Join_Date) VALUES (772,'Customer_772','customer772@example.com','Miami','2024-02-11');
INSERT INTO customers(Customer_ID,Customer_Name,Email,City,Join_Date) VALUES (773,'Customer_773','customer773@example.com','Dallas','2024-02-12');
INSERT INTO customers(Customer_ID,Customer_Name,Email,City,Join_Date) VALUES (774,'Customer_774','customer774@example.com','Chicago','2024-02-13');
INSERT INTO customers(Customer_ID,Customer_Name,Email,City,Join_Date) VALUES (775,'Customer_775','customer775@example.com','Chicago','2024-02-14');
INSERT INTO customers(Customer_ID,Customer_Name,Email,City,Join_Date) VALUES (776,'Customer_776','customer776@example.com','Boston','2024-02-15');
INSERT INTO customers(Customer_ID,Customer_Name,Email,City,Join_Date) VALUES (777,'Customer_777','customer777@example.com','Seattle','2024-02-16');
INSERT INTO customers(Customer_ID,Customer_Name,Email,City,Join_Date) VALUES (778,'Customer_778','customer778@example.com','Houston','2024-02-17');
INSERT INTO customers(Customer_ID,Customer_Name,Email,City,Join_Date) VALUES (779,'Customer_779','customer779@example.com','New York','2024-02-18');
INSERT INTO customers(Customer_ID,Customer_Name,Email,City,Join_Date) VALUES (780,'Customer_780','customer780@example.com','Houston','2024-02-19');
INSERT INTO customers(Customer_ID,Customer_Name,Email,City,Join_Date) VALUES (781,'Customer_781','customer781@example.com','Dallas','2024-02-20');
INSERT INTO customers(Customer_ID,Customer_Name,Email,City,Join_Date) VALUES (782,'Customer_782','customer782@example.com','New York','2024-02-21');
INSERT INTO customers(Customer_ID,Customer_Name,Email,City,Join_Date) VALUES (783,'Customer_783','customer783@example.com','Chicago','2024-02-22');
INSERT INTO customers(Customer_ID,Customer_Name,Email,City,Join_Date) VALUES (784,'Customer_784','customer784@example.com','Dallas','2024-02-23');
INSERT INTO customers(Customer_ID,Customer_Name,Email,City,Join_Date) VALUES (785,'Customer_785','customer785@example.com','Dallas','2024-02-24');
INSERT INTO customers(Customer_ID,Customer_Name,Email,City,Join_Date) VALUES (786,'Customer_786','customer786@example.com','Los Angeles','2024-02-25');
INSERT INTO customers(Customer_ID,Customer_Name,Email,City,Join_Date) VALUES (787,'Customer_787','customer787@example.com','Chicago','2024-02-26');
INSERT INTO customers(Customer_ID,Customer_Name,Email,City,Join_Date) VALUES (788,'Customer_788','customer788@example.com','Seattle','2024-02-27');
INSERT INTO customers(Customer_ID,Customer_Name,Email,City,Join_Date) VALUES (789,'Customer_789','customer789@example.com','Dallas','2024-02-28');
INSERT INTO customers(Customer_ID,Customer_Name,Email,City,Join_Date) VALUES (790,'Customer_790','customer790@example.com','Chicago','2024-02-29');
INSERT INTO customers(Customer_ID,Customer_Name,Email,City,Join_Date) VALUES (791,'Customer_791','customer791@example.com','Los Angeles','2024-03-01');
INSERT INTO customers(Customer_ID,Customer_Name,Email,City,Join_Date) VALUES (792,'Customer_792','customer792@example.com','Seattle','2024-03-02');
INSERT INTO customers(Customer_ID,Customer_Name,Email,City,Join_Date) VALUES (793,'Customer_793','customer793@example.com','Boston','2024-03-03');
INSERT INTO customers(Customer_ID,Customer_Name,Email,City,Join_Date) VALUES (794,'Customer_794','customer794@example.com','Seattle','2024-03-04');
INSERT INTO customers(Customer_ID,Customer_Name,Email,City,Join_Date) VALUES (795,'Customer_795','customer795@example.com','New York','2024-03-05');
INSERT INTO customers(Customer_ID,Customer_Name,Email,City,Join_Date) VALUES (796,'Customer_796','customer796@example.com','Seattle','2024-03-06');
INSERT INTO customers(Customer_ID,Customer_Name,Email,City,Join_Date) VALUES (797,'Customer_797','customer797@example.com','Seattle','2024-03-07');
INSERT INTO customers(Customer_ID,Customer_Name,Email,City,Join_Date) VALUES (798,'Customer_798','customer798@example.com','Miami','2024-03-08');
INSERT INTO customers(Customer_ID,Customer_Name,Email,City,Join_Date) VALUES (799,'Customer_799','customer799@example.com','Dallas','2024-03-09');
INSERT INTO customers(Customer_ID,Customer_Name,Email,City,Join_Date) VALUES (800,'Customer_800','customer800@example.com','Boston','2024-03-10');
INSERT INTO customers(Customer_ID,Customer_Name,Email,City,Join_Date) VALUES (801,'Customer_801','customer801@example.com','New York','2024-03-11');
INSERT INTO customers(Customer_ID,Customer_Name,Email,City,Join_Date) VALUES (802,'Customer_802','customer802@example.com','Miami','2024-03-12');
INSERT INTO customers(Customer_ID,Customer_Name,Email,City,Join_Date) VALUES (803,'Customer_803','customer803@example.com','Boston','2024-03-13');
INSERT INTO customers(Customer_ID,Customer_Name,Email,City,Join_Date) VALUES (804,'Customer_804','customer804@example.com','New York','2024-03-14');
INSERT INTO customers(Customer_ID,Customer_Name,Email,City,Join_Date) VALUES (805,'Customer_805','customer805@example.com','Chicago','2024-03-15');
INSERT INTO customers(Customer_ID,Customer_Name,Email,City,Join_Date) VALUES (806,'Customer_806','customer806@example.com','Seattle','2024-03-16');
INSERT INTO customers(Customer_ID,Customer_Name,Email,City,Join_Date) VALUES (807,'Customer_807','customer807@example.com','Houston','2024-03-17');
INSERT INTO customers(Customer_ID,Customer_Name,Email,City,Join_Date) VALUES (808,'Customer_808','customer808@example.com','Los Angeles','2024-03-18');
INSERT INTO customers(Customer_ID,Customer_Name,Email,City,Join_Date) VALUES (809,'Customer_809','customer809@example.com','Houston','2024-03-19');
INSERT INTO customers(Customer_ID,Customer_Name,Email,City,Join_Date) VALUES (810,'Customer_810','customer810@example.com','Los Angeles','2024-03-20');
INSERT INTO customers(Customer_ID,Customer_Name,Email,City,Join_Date) VALUES (811,'Customer_811','customer811@example.com','Miami','2024-03-21');
INSERT INTO customers(Customer_ID,Customer_Name,Email,City,Join_Date) VALUES (812,'Customer_812','customer812@example.com','New York','2024-03-22');
INSERT INTO customers(Customer_ID,Customer_Name,Email,City,Join_Date) VALUES (813,'Customer_813','customer813@example.com','Chicago','2024-03-23');
INSERT INTO customers(Customer_ID,Customer_Name,Email,City,Join_Date) VALUES (814,'Customer_814','customer814@example.com','New York','2024-03-24');
INSERT INTO customers(Customer_ID,Customer_Name,Email,City,Join_Date) VALUES (815,'Customer_815','customer815@example.com','Houston','2024-03-25');
INSERT INTO customers(Customer_ID,Customer_Name,Email,City,Join_Date) VALUES (816,'Customer_816','customer816@example.com','Chicago','2024-03-26');
INSERT INTO customers(Customer_ID,Customer_Name,Email,City,Join_Date) VALUES (817,'Customer_817','customer817@example.com','New York','2024-03-27');
INSERT INTO customers(Customer_ID,Customer_Name,Email,City,Join_Date) VALUES (818,'Customer_818','customer818@example.com','Chicago','2024-03-28');
INSERT INTO customers(Customer_ID,Customer_Name,Email,City,Join_Date) VALUES (819,'Customer_819','customer819@example.com','Dallas','2024-03-29');
INSERT INTO customers(Customer_ID,Customer_Name,Email,City,Join_Date) VALUES (820,'Customer_820','customer820@example.com','Miami','2024-03-30');
INSERT INTO customers(Customer_ID,Customer_Name,Email,City,Join_Date) VALUES (821,'Customer_821','customer821@example.com','Chicago','2024-03-31');
INSERT INTO customers(Customer_ID,Customer_Name,Email,City,Join_Date) VALUES (822,'Customer_822','customer822@example.com','Chicago','2024-04-01');
INSERT INTO customers(Customer_ID,Customer_Name,Email,City,Join_Date) VALUES (823,'Customer_823','customer823@example.com','Seattle','2024-04-02');
INSERT INTO customers(Customer_ID,Customer_Name,Email,City,Join_Date) VALUES (824,'Customer_824','customer824@example.com','Chicago','2024-04-03');
INSERT INTO customers(Customer_ID,Customer_Name,Email,City,Join_Date) VALUES (825,'Customer_825','customer825@example.com','New York','2024-04-04');
INSERT INTO customers(Customer_ID,Customer_Name,Email,City,Join_Date) VALUES (826,'Customer_826','customer826@example.com','Los Angeles','2024-04-05');
INSERT INTO customers(Customer_ID,Customer_Name,Email,City,Join_Date) VALUES (827,'Customer_827','customer827@example.com','Houston','2024-04-06');
INSERT INTO customers(Customer_ID,Customer_Name,Email,City,Join_Date) VALUES (828,'Customer_828','customer828@example.com','Boston','2024-04-07');
INSERT INTO customers(Customer_ID,Customer_Name,Email,City,Join_Date) VALUES (829,'Customer_829','customer829@example.com','New York','2024-04-08');
INSERT INTO customers(Customer_ID,Customer_Name,Email,City,Join_Date) VALUES (830,'Customer_830','customer830@example.com','Dallas','2024-04-09');
INSERT INTO customers(Customer_ID,Customer_Name,Email,City,Join_Date) VALUES (831,'Customer_831','customer831@example.com','Dallas','2024-04-10');
INSERT INTO customers(Customer_ID,Customer_Name,Email,City,Join_Date) VALUES (832,'Customer_832','customer832@example.com','Seattle','2024-04-11');
INSERT INTO customers(Customer_ID,Customer_Name,Email,City,Join_Date) VALUES (833,'Customer_833','customer833@example.com','New York','2024-04-12');
INSERT INTO customers(Customer_ID,Customer_Name,Email,City,Join_Date) VALUES (834,'Customer_834','customer834@example.com','Los Angeles','2024-04-13');
INSERT INTO customers(Customer_ID,Customer_Name,Email,City,Join_Date) VALUES (835,'Customer_835','customer835@example.com','Seattle','2024-04-14');
INSERT INTO customers(Customer_ID,Customer_Name,Email,City,Join_Date) VALUES (836,'Customer_836','customer836@example.com','Boston','2024-04-15');
INSERT INTO customers(Customer_ID,Customer_Name,Email,City,Join_Date) VALUES (837,'Customer_837','customer837@example.com','Los Angeles','2024-04-16');
INSERT INTO customers(Customer_ID,Customer_Name,Email,City,Join_Date) VALUES (838,'Customer_838','customer838@example.com','Seattle','2024-04-17');
INSERT INTO customers(Customer_ID,Customer_Name,Email,City,Join_Date) VALUES (839,'Customer_839','customer839@example.com','New York','2024-04-18');
INSERT INTO customers(Customer_ID,Customer_Name,Email,City,Join_Date) VALUES (840,'Customer_840','customer840@example.com','New York','2024-04-19');
INSERT INTO customers(Customer_ID,Customer_Name,Email,City,Join_Date) VALUES (841,'Customer_841','customer841@example.com','Chicago','2024-04-20');
INSERT INTO customers(Customer_ID,Customer_Name,Email,City,Join_Date) VALUES (842,'Customer_842','customer842@example.com','Seattle','2024-04-21');
INSERT INTO customers(Customer_ID,Customer_Name,Email,City,Join_Date) VALUES (843,'Customer_843','customer843@example.com','Miami','2024-04-22');
INSERT INTO customers(Customer_ID,Customer_Name,Email,City,Join_Date) VALUES (844,'Customer_844','customer844@example.com','Miami','2024-04-23');
INSERT INTO customers(Customer_ID,Customer_Name,Email,City,Join_Date) VALUES (845,'Customer_845','customer845@example.com','Houston','2024-04-24');
INSERT INTO customers(Customer_ID,Customer_Name,Email,City,Join_Date) VALUES (846,'Customer_846','customer846@example.com','Chicago','2024-04-25');
INSERT INTO customers(Customer_ID,Customer_Name,Email,City,Join_Date) VALUES (847,'Customer_847','customer847@example.com','Chicago','2024-04-26');
INSERT INTO customers(Customer_ID,Customer_Name,Email,City,Join_Date) VALUES (848,'Customer_848','customer848@example.com','Houston','2024-04-27');
INSERT INTO customers(Customer_ID,Customer_Name,Email,City,Join_Date) VALUES (849,'Customer_849','customer849@example.com','Seattle','2024-04-28');
INSERT INTO customers(Customer_ID,Customer_Name,Email,City,Join_Date) VALUES (850,'Customer_850','customer850@example.com','Houston','2024-04-29');
INSERT INTO customers(Customer_ID,Customer_Name,Email,City,Join_Date) VALUES (851,'Customer_851','customer851@example.com','Seattle','2024-04-30');
INSERT INTO customers(Customer_ID,Customer_Name,Email,City,Join_Date) VALUES (852,'Customer_852','customer852@example.com','Boston','2024-05-01');
INSERT INTO customers(Customer_ID,Customer_Name,Email,City,Join_Date) VALUES (853,'Customer_853','customer853@example.com','Miami','2024-05-02');
INSERT INTO customers(Customer_ID,Customer_Name,Email,City,Join_Date) VALUES (854,'Customer_854','customer854@example.com','Los Angeles','2024-05-03');
INSERT INTO customers(Customer_ID,Customer_Name,Email,City,Join_Date) VALUES (855,'Customer_855','customer855@example.com','Los Angeles','2024-05-04');
INSERT INTO customers(Customer_ID,Customer_Name,Email,City,Join_Date) VALUES (856,'Customer_856','customer856@example.com','Miami','2024-05-05');
INSERT INTO customers(Customer_ID,Customer_Name,Email,City,Join_Date) VALUES (857,'Customer_857','customer857@example.com','Chicago','2024-05-06');
INSERT INTO customers(Customer_ID,Customer_Name,Email,City,Join_Date) VALUES (858,'Customer_858','customer858@example.com','New York','2024-05-07');
INSERT INTO customers(Customer_ID,Customer_Name,Email,City,Join_Date) VALUES (859,'Customer_859','customer859@example.com','Miami','2024-05-08');
INSERT INTO customers(Customer_ID,Customer_Name,Email,City,Join_Date) VALUES (860,'Customer_860','customer860@example.com','Houston','2024-05-09');
INSERT INTO customers(Customer_ID,Customer_Name,Email,City,Join_Date) VALUES (861,'Customer_861','customer861@example.com','Dallas','2024-05-10');
INSERT INTO customers(Customer_ID,Customer_Name,Email,City,Join_Date) VALUES (862,'Customer_862','customer862@example.com','Boston','2024-05-11');
INSERT INTO customers(Customer_ID,Customer_Name,Email,City,Join_Date) VALUES (863,'Customer_863','customer863@example.com','Seattle','2024-05-12');
INSERT INTO customers(Customer_ID,Customer_Name,Email,City,Join_Date) VALUES (864,'Customer_864','customer864@example.com','New York','2024-05-13');
INSERT INTO customers(Customer_ID,Customer_Name,Email,City,Join_Date) VALUES (865,'Customer_865','customer865@example.com','Miami','2024-05-14');
INSERT INTO customers(Customer_ID,Customer_Name,Email,City,Join_Date) VALUES (866,'Customer_866','customer866@example.com','Dallas','2024-05-15');
INSERT INTO customers(Customer_ID,Customer_Name,Email,City,Join_Date) VALUES (867,'Customer_867','customer867@example.com','New York','2024-05-16');
INSERT INTO customers(Customer_ID,Customer_Name,Email,City,Join_Date) VALUES (868,'Customer_868','customer868@example.com','Los Angeles','2024-05-17');
INSERT INTO customers(Customer_ID,Customer_Name,Email,City,Join_Date) VALUES (869,'Customer_869','customer869@example.com','Boston','2024-05-18');
INSERT INTO customers(Customer_ID,Customer_Name,Email,City,Join_Date) VALUES (870,'Customer_870','customer870@example.com','Los Angeles','2024-05-19');
INSERT INTO customers(Customer_ID,Customer_Name,Email,City,Join_Date) VALUES (871,'Customer_871','customer871@example.com','Miami','2024-05-20');
INSERT INTO customers(Customer_ID,Customer_Name,Email,City,Join_Date) VALUES (872,'Customer_872','customer872@example.com','Chicago','2024-05-21');
INSERT INTO customers(Customer_ID,Customer_Name,Email,City,Join_Date) VALUES (873,'Customer_873','customer873@example.com','Los Angeles','2024-05-22');
INSERT INTO customers(Customer_ID,Customer_Name,Email,City,Join_Date) VALUES (874,'Customer_874','customer874@example.com','Chicago','2024-05-23');
INSERT INTO customers(Customer_ID,Customer_Name,Email,City,Join_Date) VALUES (875,'Customer_875','customer875@example.com','New York','2024-05-24');
INSERT INTO customers(Customer_ID,Customer_Name,Email,City,Join_Date) VALUES (876,'Customer_876','customer876@example.com','Boston','2024-05-25');
INSERT INTO customers(Customer_ID,Customer_Name,Email,City,Join_Date) VALUES (877,'Customer_877','customer877@example.com','Chicago','2024-05-26');
INSERT INTO customers(Customer_ID,Customer_Name,Email,City,Join_Date) VALUES (878,'Customer_878','customer878@example.com','Boston','2024-05-27');
INSERT INTO customers(Customer_ID,Customer_Name,Email,City,Join_Date) VALUES (879,'Customer_879','customer879@example.com','Dallas','2024-05-28');
INSERT INTO customers(Customer_ID,Customer_Name,Email,City,Join_Date) VALUES (880,'Customer_880','customer880@example.com','Boston','2024-05-29');
INSERT INTO customers(Customer_ID,Customer_Name,Email,City,Join_Date) VALUES (881,'Customer_881','customer881@example.com','Chicago','2024-05-30');
INSERT INTO customers(Customer_ID,Customer_Name,Email,City,Join_Date) VALUES (882,'Customer_882','customer882@example.com','Miami','2024-05-31');
INSERT INTO customers(Customer_ID,Customer_Name,Email,City,Join_Date) VALUES (883,'Customer_883','customer883@example.com','Dallas','2024-06-01');
INSERT INTO customers(Customer_ID,Customer_Name,Email,City,Join_Date) VALUES (884,'Customer_884','customer884@example.com','Chicago','2024-06-02');
INSERT INTO customers(Customer_ID,Customer_Name,Email,City,Join_Date) VALUES (885,'Customer_885','customer885@example.com','Miami','2024-06-03');
INSERT INTO customers(Customer_ID,Customer_Name,Email,City,Join_Date) VALUES (886,'Customer_886','customer886@example.com','Dallas','2024-06-04');
INSERT INTO customers(Customer_ID,Customer_Name,Email,City,Join_Date) VALUES (887,'Customer_887','customer887@example.com','Los Angeles','2024-06-05');
INSERT INTO customers(Customer_ID,Customer_Name,Email,City,Join_Date) VALUES (888,'Customer_888','customer888@example.com','Miami','2024-06-06');
INSERT INTO customers(Customer_ID,Customer_Name,Email,City,Join_Date) VALUES (889,'Customer_889','customer889@example.com','Houston','2024-06-07');
INSERT INTO customers(Customer_ID,Customer_Name,Email,City,Join_Date) VALUES (890,'Customer_890','customer890@example.com','Miami','2024-06-08');
INSERT INTO customers(Customer_ID,Customer_Name,Email,City,Join_Date) VALUES (891,'Customer_891','customer891@example.com','Houston','2024-06-09');
INSERT INTO customers(Customer_ID,Customer_Name,Email,City,Join_Date) VALUES (892,'Customer_892','customer892@example.com','Miami','2024-06-10');
INSERT INTO customers(Customer_ID,Customer_Name,Email,City,Join_Date) VALUES (893,'Customer_893','customer893@example.com','Miami','2024-06-11');
INSERT INTO customers(Customer_ID,Customer_Name,Email,City,Join_Date) VALUES (894,'Customer_894','customer894@example.com','Houston','2024-06-12');
INSERT INTO customers(Customer_ID,Customer_Name,Email,City,Join_Date) VALUES (895,'Customer_895','customer895@example.com','Los Angeles','2024-06-13');
INSERT INTO customers(Customer_ID,Customer_Name,Email,City,Join_Date) VALUES (896,'Customer_896','customer896@example.com','Chicago','2024-06-14');
INSERT INTO customers(Customer_ID,Customer_Name,Email,City,Join_Date) VALUES (897,'Customer_897','customer897@example.com','Los Angeles','2024-06-15');
INSERT INTO customers(Customer_ID,Customer_Name,Email,City,Join_Date) VALUES (898,'Customer_898','customer898@example.com','Los Angeles','2024-06-16');
INSERT INTO customers(Customer_ID,Customer_Name,Email,City,Join_Date) VALUES (899,'Customer_899','customer899@example.com','Boston','2024-06-17');
INSERT INTO customers(Customer_ID,Customer_Name,Email,City,Join_Date) VALUES (900,'Customer_900','customer900@example.com','Boston','2024-06-18');
INSERT INTO customers(Customer_ID,Customer_Name,Email,City,Join_Date) VALUES (901,'Customer_901','customer901@example.com','Miami','2024-06-19');
INSERT INTO customers(Customer_ID,Customer_Name,Email,City,Join_Date) VALUES (902,'Customer_902','customer902@example.com','Dallas','2024-06-20');
INSERT INTO customers(Customer_ID,Customer_Name,Email,City,Join_Date) VALUES (903,'Customer_903','customer903@example.com','Seattle','2024-06-21');
INSERT INTO customers(Customer_ID,Customer_Name,Email,City,Join_Date) VALUES (904,'Customer_904','customer904@example.com','Boston','2024-06-22');
INSERT INTO customers(Customer_ID,Customer_Name,Email,City,Join_Date) VALUES (905,'Customer_905','customer905@example.com','Houston','2024-06-23');
INSERT INTO customers(Customer_ID,Customer_Name,Email,City,Join_Date) VALUES (906,'Customer_906','customer906@example.com','Miami','2024-06-24');
INSERT INTO customers(Customer_ID,Customer_Name,Email,City,Join_Date) VALUES (907,'Customer_907','customer907@example.com','New York','2024-06-25');
INSERT INTO customers(Customer_ID,Customer_Name,Email,City,Join_Date) VALUES (908,'Customer_908','customer908@example.com','Dallas','2024-06-26');
INSERT INTO customers(Customer_ID,Customer_Name,Email,City,Join_Date) VALUES (909,'Customer_909','customer909@example.com','Miami','2024-06-27');
INSERT INTO customers(Customer_ID,Customer_Name,Email,City,Join_Date) VALUES (910,'Customer_910','customer910@example.com','Chicago','2024-06-28');
INSERT INTO customers(Customer_ID,Customer_Name,Email,City,Join_Date) VALUES (911,'Customer_911','customer911@example.com','Seattle','2024-06-29');
INSERT INTO customers(Customer_ID,Customer_Name,Email,City,Join_Date) VALUES (912,'Customer_912','customer912@example.com','Chicago','2024-06-30');
INSERT INTO customers(Customer_ID,Customer_Name,Email,City,Join_Date) VALUES (913,'Customer_913','customer913@example.com','Houston','2024-07-01');
INSERT INTO customers(Customer_ID,Customer_Name,Email,City,Join_Date) VALUES (914,'Customer_914','customer914@example.com','Dallas','2024-07-02');
INSERT INTO customers(Customer_ID,Customer_Name,Email,City,Join_Date) VALUES (915,'Customer_915','customer915@example.com','Dallas','2024-07-03');
INSERT INTO customers(Customer_ID,Customer_Name,Email,City,Join_Date) VALUES (916,'Customer_916','customer916@example.com','Houston','2024-07-04');
INSERT INTO customers(Customer_ID,Customer_Name,Email,City,Join_Date) VALUES (917,'Customer_917','customer917@example.com','Los Angeles','2024-07-05');
INSERT INTO customers(Customer_ID,Customer_Name,Email,City,Join_Date) VALUES (918,'Customer_918','customer918@example.com','Dallas','2024-07-06');
INSERT INTO customers(Customer_ID,Customer_Name,Email,City,Join_Date) VALUES (919,'Customer_919','customer919@example.com','Dallas','2024-07-07');
INSERT INTO customers(Customer_ID,Customer_Name,Email,City,Join_Date) VALUES (920,'Customer_920','customer920@example.com','Boston','2024-07-08');
INSERT INTO customers(Customer_ID,Customer_Name,Email,City,Join_Date) VALUES (921,'Customer_921','customer921@example.com','Los Angeles','2024-07-09');
INSERT INTO customers(Customer_ID,Customer_Name,Email,City,Join_Date) VALUES (922,'Customer_922','customer922@example.com','Miami','2024-07-10');
INSERT INTO customers(Customer_ID,Customer_Name,Email,City,Join_Date) VALUES (923,'Customer_923','customer923@example.com','Boston','2024-07-11');
INSERT INTO customers(Customer_ID,Customer_Name,Email,City,Join_Date) VALUES (924,'Customer_924','customer924@example.com','Miami','2024-07-12');
INSERT INTO customers(Customer_ID,Customer_Name,Email,City,Join_Date) VALUES (925,'Customer_925','customer925@example.com','Houston','2024-07-13');
INSERT INTO customers(Customer_ID,Customer_Name,Email,City,Join_Date) VALUES (926,'Customer_926','customer926@example.com','Houston','2024-07-14');
INSERT INTO customers(Customer_ID,Customer_Name,Email,City,Join_Date) VALUES (927,'Customer_927','customer927@example.com','New York','2024-07-15');
INSERT INTO customers(Customer_ID,Customer_Name,Email,City,Join_Date) VALUES (928,'Customer_928','customer928@example.com','Houston','2024-07-16');
INSERT INTO customers(Customer_ID,Customer_Name,Email,City,Join_Date) VALUES (929,'Customer_929','customer929@example.com','Los Angeles','2024-07-17');
INSERT INTO customers(Customer_ID,Customer_Name,Email,City,Join_Date) VALUES (930,'Customer_930','customer930@example.com','Houston','2024-07-18');
INSERT INTO customers(Customer_ID,Customer_Name,Email,City,Join_Date) VALUES (931,'Customer_931','customer931@example.com','Miami','2024-07-19');
INSERT INTO customers(Customer_ID,Customer_Name,Email,City,Join_Date) VALUES (932,'Customer_932','customer932@example.com','Houston','2024-07-20');
INSERT INTO customers(Customer_ID,Customer_Name,Email,City,Join_Date) VALUES (933,'Customer_933','customer933@example.com','Houston','2024-07-21');
INSERT INTO customers(Customer_ID,Customer_Name,Email,City,Join_Date) VALUES (934,'Customer_934','customer934@example.com','Seattle','2024-07-22');
INSERT INTO customers(Customer_ID,Customer_Name,Email,City,Join_Date) VALUES (935,'Customer_935','customer935@example.com','Chicago','2024-07-23');
INSERT INTO customers(Customer_ID,Customer_Name,Email,City,Join_Date) VALUES (936,'Customer_936','customer936@example.com','Miami','2024-07-24');
INSERT INTO customers(Customer_ID,Customer_Name,Email,City,Join_Date) VALUES (937,'Customer_937','customer937@example.com','Dallas','2024-07-25');
INSERT INTO customers(Customer_ID,Customer_Name,Email,City,Join_Date) VALUES (938,'Customer_938','customer938@example.com','Seattle','2024-07-26');
INSERT INTO customers(Customer_ID,Customer_Name,Email,City,Join_Date) VALUES (939,'Customer_939','customer939@example.com','Miami','2024-07-27');
INSERT INTO customers(Customer_ID,Customer_Name,Email,City,Join_Date) VALUES (940,'Customer_940','customer940@example.com','Boston','2024-07-28');
INSERT INTO customers(Customer_ID,Customer_Name,Email,City,Join_Date) VALUES (941,'Customer_941','customer941@example.com','Miami','2024-07-29');
INSERT INTO customers(Customer_ID,Customer_Name,Email,City,Join_Date) VALUES (942,'Customer_942','customer942@example.com','Los Angeles','2024-07-30');
INSERT INTO customers(Customer_ID,Customer_Name,Email,City,Join_Date) VALUES (943,'Customer_943','customer943@example.com','Los Angeles','2024-07-31');
INSERT INTO customers(Customer_ID,Customer_Name,Email,City,Join_Date) VALUES (944,'Customer_944','customer944@example.com','Los Angeles','2024-08-01');
INSERT INTO customers(Customer_ID,Customer_Name,Email,City,Join_Date) VALUES (945,'Customer_945','customer945@example.com','Chicago','2024-08-02');
INSERT INTO customers(Customer_ID,Customer_Name,Email,City,Join_Date) VALUES (946,'Customer_946','customer946@example.com','Los Angeles','2024-08-03');
INSERT INTO customers(Customer_ID,Customer_Name,Email,City,Join_Date) VALUES (947,'Customer_947','customer947@example.com','Boston','2024-08-04');
INSERT INTO customers(Customer_ID,Customer_Name,Email,City,Join_Date) VALUES (948,'Customer_948','customer948@example.com','Houston','2024-08-05');
INSERT INTO customers(Customer_ID,Customer_Name,Email,City,Join_Date) VALUES (949,'Customer_949','customer949@example.com','Miami','2024-08-06');
INSERT INTO customers(Customer_ID,Customer_Name,Email,City,Join_Date) VALUES (950,'Customer_950','customer950@example.com','Miami','2024-08-07');
INSERT INTO customers(Customer_ID,Customer_Name,Email,City,Join_Date) VALUES (951,'Customer_951','customer951@example.com','Dallas','2024-08-08');
INSERT INTO customers(Customer_ID,Customer_Name,Email,City,Join_Date) VALUES (952,'Customer_952','customer952@example.com','Miami','2024-08-09');
INSERT INTO customers(Customer_ID,Customer_Name,Email,City,Join_Date) VALUES (953,'Customer_953','customer953@example.com','Dallas','2024-08-10');
INSERT INTO customers(Customer_ID,Customer_Name,Email,City,Join_Date) VALUES (954,'Customer_954','customer954@example.com','Boston','2024-08-11');
INSERT INTO customers(Customer_ID,Customer_Name,Email,City,Join_Date) VALUES (955,'Customer_955','customer955@example.com','Dallas','2024-08-12');
INSERT INTO customers(Customer_ID,Customer_Name,Email,City,Join_Date) VALUES (956,'Customer_956','customer956@example.com','Chicago','2024-08-13');
INSERT INTO customers(Customer_ID,Customer_Name,Email,City,Join_Date) VALUES (957,'Customer_957','customer957@example.com','Los Angeles','2024-08-14');
INSERT INTO customers(Customer_ID,Customer_Name,Email,City,Join_Date) VALUES (958,'Customer_958','customer958@example.com','Los Angeles','2024-08-15');
INSERT INTO customers(Customer_ID,Customer_Name,Email,City,Join_Date) VALUES (959,'Customer_959','customer959@example.com','Houston','2024-08-16');
INSERT INTO customers(Customer_ID,Customer_Name,Email,City,Join_Date) VALUES (960,'Customer_960','customer960@example.com','New York','2024-08-17');
INSERT INTO customers(Customer_ID,Customer_Name,Email,City,Join_Date) VALUES (961,'Customer_961','customer961@example.com','New York','2024-08-18');
INSERT INTO customers(Customer_ID,Customer_Name,Email,City,Join_Date) VALUES (962,'Customer_962','customer962@example.com','Dallas','2024-08-19');
INSERT INTO customers(Customer_ID,Customer_Name,Email,City,Join_Date) VALUES (963,'Customer_963','customer963@example.com','Seattle','2024-08-20');
INSERT INTO customers(Customer_ID,Customer_Name,Email,City,Join_Date) VALUES (964,'Customer_964','customer964@example.com','Chicago','2024-08-21');
INSERT INTO customers(Customer_ID,Customer_Name,Email,City,Join_Date) VALUES (965,'Customer_965','customer965@example.com','Houston','2024-08-22');
INSERT INTO customers(Customer_ID,Customer_Name,Email,City,Join_Date) VALUES (966,'Customer_966','customer966@example.com','Dallas','2024-08-23');
INSERT INTO customers(Customer_ID,Customer_Name,Email,City,Join_Date) VALUES (967,'Customer_967','customer967@example.com','Chicago','2024-08-24');
INSERT INTO customers(Customer_ID,Customer_Name,Email,City,Join_Date) VALUES (968,'Customer_968','customer968@example.com','Boston','2024-08-25');
INSERT INTO customers(Customer_ID,Customer_Name,Email,City,Join_Date) VALUES (969,'Customer_969','customer969@example.com','Seattle','2024-08-26');
INSERT INTO customers(Customer_ID,Customer_Name,Email,City,Join_Date) VALUES (970,'Customer_970','customer970@example.com','Miami','2024-08-27');
INSERT INTO customers(Customer_ID,Customer_Name,Email,City,Join_Date) VALUES (971,'Customer_971','customer971@example.com','New York','2024-08-28');
INSERT INTO customers(Customer_ID,Customer_Name,Email,City,Join_Date) VALUES (972,'Customer_972','customer972@example.com','Chicago','2024-08-29');
INSERT INTO customers(Customer_ID,Customer_Name,Email,City,Join_Date) VALUES (973,'Customer_973','customer973@example.com','Seattle','2024-08-30');
INSERT INTO customers(Customer_ID,Customer_Name,Email,City,Join_Date) VALUES (974,'Customer_974','customer974@example.com','Chicago','2024-08-31');
INSERT INTO customers(Customer_ID,Customer_Name,Email,City,Join_Date) VALUES (975,'Customer_975','customer975@example.com','Dallas','2024-09-01');
INSERT INTO customers(Customer_ID,Customer_Name,Email,City,Join_Date) VALUES (976,'Customer_976','customer976@example.com','Seattle','2024-09-02');
INSERT INTO customers(Customer_ID,Customer_Name,Email,City,Join_Date) VALUES (977,'Customer_977','customer977@example.com','Chicago','2024-09-03');
INSERT INTO customers(Customer_ID,Customer_Name,Email,City,Join_Date) VALUES (978,'Customer_978','customer978@example.com','Chicago','2024-09-04');
INSERT INTO customers(Customer_ID,Customer_Name,Email,City,Join_Date) VALUES (979,'Customer_979','customer979@example.com','Los Angeles','2024-09-05');
INSERT INTO customers(Customer_ID,Customer_Name,Email,City,Join_Date) VALUES (980,'Customer_980','customer980@example.com','New York','2024-09-06');
INSERT INTO customers(Customer_ID,Customer_Name,Email,City,Join_Date) VALUES (981,'Customer_981','customer981@example.com','Seattle','2024-09-07');
INSERT INTO customers(Customer_ID,Customer_Name,Email,City,Join_Date) VALUES (982,'Customer_982','customer982@example.com','Miami','2024-09-08');
INSERT INTO customers(Customer_ID,Customer_Name,Email,City,Join_Date) VALUES (983,'Customer_983','customer983@example.com','Los Angeles','2024-09-09');
INSERT INTO customers(Customer_ID,Customer_Name,Email,City,Join_Date) VALUES (984,'Customer_984','customer984@example.com','Los Angeles','2024-09-10');
INSERT INTO customers(Customer_ID,Customer_Name,Email,City,Join_Date) VALUES (985,'Customer_985','customer985@example.com','Boston','2024-09-11');
INSERT INTO customers(Customer_ID,Customer_Name,Email,City,Join_Date) VALUES (986,'Customer_986','customer986@example.com','Los Angeles','2024-09-12');
INSERT INTO customers(Customer_ID,Customer_Name,Email,City,Join_Date) VALUES (987,'Customer_987','customer987@example.com','Boston','2024-09-13');
INSERT INTO customers(Customer_ID,Customer_Name,Email,City,Join_Date) VALUES (988,'Customer_988','customer988@example.com','Houston','2024-09-14');
INSERT INTO customers(Customer_ID,Customer_Name,Email,City,Join_Date) VALUES (989,'Customer_989','customer989@example.com','Houston','2024-09-15');
INSERT INTO customers(Customer_ID,Customer_Name,Email,City,Join_Date) VALUES (990,'Customer_990','customer990@example.com','Chicago','2024-09-16');
INSERT INTO customers(Customer_ID,Customer_Name,Email,City,Join_Date) VALUES (991,'Customer_991','customer991@example.com','Dallas','2024-09-17');
INSERT INTO customers(Customer_ID,Customer_Name,Email,City,Join_Date) VALUES (992,'Customer_992','customer992@example.com','Seattle','2024-09-18');
INSERT INTO customers(Customer_ID,Customer_Name,Email,City,Join_Date) VALUES (993,'Customer_993','customer993@example.com','Houston','2024-09-19');
INSERT INTO customers(Customer_ID,Customer_Name,Email,City,Join_Date) VALUES (994,'Customer_994','customer994@example.com','Seattle','2024-09-20');
INSERT INTO customers(Customer_ID,Customer_Name,Email,City,Join_Date) VALUES (995,'Customer_995','customer995@example.com','Houston','2024-09-21');
INSERT INTO customers(Customer_ID,Customer_Name,Email,City,Join_Date) VALUES (996,'Customer_996','customer996@example.com','Dallas','2024-09-22');
INSERT INTO customers(Customer_ID,Customer_Name,Email,City,Join_Date) VALUES (997,'Customer_997','customer997@example.com','Miami','2024-09-23');
INSERT INTO customers(Customer_ID,Customer_Name,Email,City,Join_Date) VALUES (998,'Customer_998','customer998@example.com','New York','2024-09-24');
INSERT INTO customers(Customer_ID,Customer_Name,Email,City,Join_Date) VALUES (999,'Customer_999','customer999@example.com','New York','2024-09-25');
INSERT INTO customers(Customer_ID,Customer_Name,Email,City,Join_Date) VALUES (1000,'Customer_1000','customer1000@example.com','Miami','2024-09-26');

DROP TABLE IF EXISTS orders;
CREATE TABLE orders(
   Order_ID    INTEGER  NOT NULL PRIMARY KEY 
  ,Customer_ID INTEGER  NOT NULL
  ,Product_ID  INTEGER  NOT NULL
  ,Quantity    INTEGER  NOT NULL
  ,Order_Date  DATE  NOT NULL
  ,Status      VARCHAR(10) NOT NULL
);
INSERT INTO orders(Order_ID,Customer_ID,Product_ID,Quantity,Order_Date,Status) VALUES (1,197,390,6,'2023-01-01','Processing');
INSERT INTO orders(Order_ID,Customer_ID,Product_ID,Quantity,Order_Date,Status) VALUES (2,468,417,18,'2023-01-02','Delivered');
INSERT INTO orders(Order_ID,Customer_ID,Product_ID,Quantity,Order_Date,Status) VALUES (3,225,388,13,'2023-01-03','Shipped');
INSERT INTO orders(Order_ID,Customer_ID,Product_ID,Quantity,Order_Date,Status) VALUES (4,974,371,19,'2023-01-04','Processing');
INSERT INTO orders(Order_ID,Customer_ID,Product_ID,Quantity,Order_Date,Status) VALUES (5,591,14,3,'2023-01-05','Processing');
INSERT INTO orders(Order_ID,Customer_ID,Product_ID,Quantity,Order_Date,Status) VALUES (6,121,36,19,'2023-01-06','Returned');
INSERT INTO orders(Order_ID,Customer_ID,Product_ID,Quantity,Order_Date,Status) VALUES (7,465,310,13,'2023-01-07','Processing');
INSERT INTO orders(Order_ID,Customer_ID,Product_ID,Quantity,Order_Date,Status) VALUES (8,113,124,1,'2023-01-08','Shipped');
INSERT INTO orders(Order_ID,Customer_ID,Product_ID,Quantity,Order_Date,Status) VALUES (9,279,158,10,'2023-01-09','Delivered');
INSERT INTO orders(Order_ID,Customer_ID,Product_ID,Quantity,Order_Date,Status) VALUES (10,636,321,10,'2023-01-10','Delivered');
INSERT INTO orders(Order_ID,Customer_ID,Product_ID,Quantity,Order_Date,Status) VALUES (11,986,395,13,'2023-01-11','Returned');
INSERT INTO orders(Order_ID,Customer_ID,Product_ID,Quantity,Order_Date,Status) VALUES (12,718,279,17,'2023-01-12','Returned');
INSERT INTO orders(Order_ID,Customer_ID,Product_ID,Quantity,Order_Date,Status) VALUES (13,303,448,15,'2023-01-13','Cancelled');
INSERT INTO orders(Order_ID,Customer_ID,Product_ID,Quantity,Order_Date,Status) VALUES (14,816,99,7,'2023-01-14','Cancelled');
INSERT INTO orders(Order_ID,Customer_ID,Product_ID,Quantity,Order_Date,Status) VALUES (15,354,230,7,'2023-01-15','Delivered');
INSERT INTO orders(Order_ID,Customer_ID,Product_ID,Quantity,Order_Date,Status) VALUES (16,131,495,14,'2023-01-16','Delivered');
INSERT INTO orders(Order_ID,Customer_ID,Product_ID,Quantity,Order_Date,Status) VALUES (17,882,278,9,'2023-01-17','Delivered');
INSERT INTO orders(Order_ID,Customer_ID,Product_ID,Quantity,Order_Date,Status) VALUES (18,84,196,9,'2023-01-18','Returned');
INSERT INTO orders(Order_ID,Customer_ID,Product_ID,Quantity,Order_Date,Status) VALUES (19,513,181,13,'2023-01-19','Cancelled');
INSERT INTO orders(Order_ID,Customer_ID,Product_ID,Quantity,Order_Date,Status) VALUES (20,124,82,7,'2023-01-20','Shipped');
INSERT INTO orders(Order_ID,Customer_ID,Product_ID,Quantity,Order_Date,Status) VALUES (21,180,1,1,'2023-01-21','Shipped');
INSERT INTO orders(Order_ID,Customer_ID,Product_ID,Quantity,Order_Date,Status) VALUES (22,889,53,4,'2023-01-22','Cancelled');
INSERT INTO orders(Order_ID,Customer_ID,Product_ID,Quantity,Order_Date,Status) VALUES (23,429,29,7,'2023-01-23','Returned');
INSERT INTO orders(Order_ID,Customer_ID,Product_ID,Quantity,Order_Date,Status) VALUES (24,757,453,8,'2023-01-24','Returned');
INSERT INTO orders(Order_ID,Customer_ID,Product_ID,Quantity,Order_Date,Status) VALUES (25,849,92,12,'2023-01-25','Delivered');
INSERT INTO orders(Order_ID,Customer_ID,Product_ID,Quantity,Order_Date,Status) VALUES (26,500,93,16,'2023-01-26','Shipped');
INSERT INTO orders(Order_ID,Customer_ID,Product_ID,Quantity,Order_Date,Status) VALUES (27,42,420,1,'2023-01-27','Processing');
INSERT INTO orders(Order_ID,Customer_ID,Product_ID,Quantity,Order_Date,Status) VALUES (28,210,218,7,'2023-01-28','Returned');
INSERT INTO orders(Order_ID,Customer_ID,Product_ID,Quantity,Order_Date,Status) VALUES (29,926,77,1,'2023-01-29','Cancelled');
INSERT INTO orders(Order_ID,Customer_ID,Product_ID,Quantity,Order_Date,Status) VALUES (30,83,78,9,'2023-01-30','Cancelled');
INSERT INTO orders(Order_ID,Customer_ID,Product_ID,Quantity,Order_Date,Status) VALUES (31,857,260,16,'2023-01-31','Cancelled');
INSERT INTO orders(Order_ID,Customer_ID,Product_ID,Quantity,Order_Date,Status) VALUES (32,377,15,7,'2023-02-01','Shipped');
INSERT INTO orders(Order_ID,Customer_ID,Product_ID,Quantity,Order_Date,Status) VALUES (33,386,257,4,'2023-02-02','Shipped');
INSERT INTO orders(Order_ID,Customer_ID,Product_ID,Quantity,Order_Date,Status) VALUES (34,312,409,18,'2023-02-03','Shipped');
INSERT INTO orders(Order_ID,Customer_ID,Product_ID,Quantity,Order_Date,Status) VALUES (35,224,27,5,'2023-02-04','Shipped');
INSERT INTO orders(Order_ID,Customer_ID,Product_ID,Quantity,Order_Date,Status) VALUES (36,262,436,9,'2023-02-05','Shipped');
INSERT INTO orders(Order_ID,Customer_ID,Product_ID,Quantity,Order_Date,Status) VALUES (37,377,427,14,'2023-02-06','Returned');
INSERT INTO orders(Order_ID,Customer_ID,Product_ID,Quantity,Order_Date,Status) VALUES (38,656,175,13,'2023-02-07','Processing');
INSERT INTO orders(Order_ID,Customer_ID,Product_ID,Quantity,Order_Date,Status) VALUES (39,180,168,12,'2023-02-08','Processing');
INSERT INTO orders(Order_ID,Customer_ID,Product_ID,Quantity,Order_Date,Status) VALUES (40,345,417,19,'2023-02-09','Cancelled');
INSERT INTO orders(Order_ID,Customer_ID,Product_ID,Quantity,Order_Date,Status) VALUES (41,780,499,13,'2023-02-10','Processing');
INSERT INTO orders(Order_ID,Customer_ID,Product_ID,Quantity,Order_Date,Status) VALUES (42,957,134,18,'2023-02-11','Returned');
INSERT INTO orders(Order_ID,Customer_ID,Product_ID,Quantity,Order_Date,Status) VALUES (43,643,202,7,'2023-02-12','Shipped');
INSERT INTO orders(Order_ID,Customer_ID,Product_ID,Quantity,Order_Date,Status) VALUES (44,387,440,16,'2023-02-13','Processing');
INSERT INTO orders(Order_ID,Customer_ID,Product_ID,Quantity,Order_Date,Status) VALUES (45,591,199,4,'2023-02-14','Shipped');
INSERT INTO orders(Order_ID,Customer_ID,Product_ID,Quantity,Order_Date,Status) VALUES (46,922,352,6,'2023-02-15','Cancelled');
INSERT INTO orders(Order_ID,Customer_ID,Product_ID,Quantity,Order_Date,Status) VALUES (47,47,5,14,'2023-02-16','Cancelled');
INSERT INTO orders(Order_ID,Customer_ID,Product_ID,Quantity,Order_Date,Status) VALUES (48,513,147,2,'2023-02-17','Delivered');
INSERT INTO orders(Order_ID,Customer_ID,Product_ID,Quantity,Order_Date,Status) VALUES (49,213,270,11,'2023-02-18','Shipped');
INSERT INTO orders(Order_ID,Customer_ID,Product_ID,Quantity,Order_Date,Status) VALUES (50,22,92,15,'2023-02-19','Delivered');
INSERT INTO orders(Order_ID,Customer_ID,Product_ID,Quantity,Order_Date,Status) VALUES (51,10,297,17,'2023-02-20','Returned');
INSERT INTO orders(Order_ID,Customer_ID,Product_ID,Quantity,Order_Date,Status) VALUES (52,504,54,13,'2023-02-21','Processing');
INSERT INTO orders(Order_ID,Customer_ID,Product_ID,Quantity,Order_Date,Status) VALUES (53,997,26,14,'2023-02-22','Returned');
INSERT INTO orders(Order_ID,Customer_ID,Product_ID,Quantity,Order_Date,Status) VALUES (54,222,465,10,'2023-02-23','Delivered');
INSERT INTO orders(Order_ID,Customer_ID,Product_ID,Quantity,Order_Date,Status) VALUES (55,586,236,8,'2023-02-24','Returned');
INSERT INTO orders(Order_ID,Customer_ID,Product_ID,Quantity,Order_Date,Status) VALUES (56,316,64,5,'2023-02-25','Delivered');
INSERT INTO orders(Order_ID,Customer_ID,Product_ID,Quantity,Order_Date,Status) VALUES (57,21,297,7,'2023-02-26','Processing');
INSERT INTO orders(Order_ID,Customer_ID,Product_ID,Quantity,Order_Date,Status) VALUES (58,628,315,2,'2023-02-27','Shipped');
INSERT INTO orders(Order_ID,Customer_ID,Product_ID,Quantity,Order_Date,Status) VALUES (59,637,328,16,'2023-02-28','Delivered');
INSERT INTO orders(Order_ID,Customer_ID,Product_ID,Quantity,Order_Date,Status) VALUES (60,915,233,16,'2023-03-01','Returned');
INSERT INTO orders(Order_ID,Customer_ID,Product_ID,Quantity,Order_Date,Status) VALUES (61,447,140,1,'2023-03-02','Delivered');
INSERT INTO orders(Order_ID,Customer_ID,Product_ID,Quantity,Order_Date,Status) VALUES (62,687,93,1,'2023-03-03','Returned');
INSERT INTO orders(Order_ID,Customer_ID,Product_ID,Quantity,Order_Date,Status) VALUES (63,197,351,5,'2023-03-04','Returned');
INSERT INTO orders(Order_ID,Customer_ID,Product_ID,Quantity,Order_Date,Status) VALUES (64,741,465,4,'2023-03-05','Shipped');
INSERT INTO orders(Order_ID,Customer_ID,Product_ID,Quantity,Order_Date,Status) VALUES (65,699,24,3,'2023-03-06','Returned');
INSERT INTO orders(Order_ID,Customer_ID,Product_ID,Quantity,Order_Date,Status) VALUES (66,875,320,6,'2023-03-07','Processing');
INSERT INTO orders(Order_ID,Customer_ID,Product_ID,Quantity,Order_Date,Status) VALUES (67,410,296,14,'2023-03-08','Shipped');
INSERT INTO orders(Order_ID,Customer_ID,Product_ID,Quantity,Order_Date,Status) VALUES (68,93,458,17,'2023-03-09','Processing');
INSERT INTO orders(Order_ID,Customer_ID,Product_ID,Quantity,Order_Date,Status) VALUES (69,361,293,18,'2023-03-10','Shipped');
INSERT INTO orders(Order_ID,Customer_ID,Product_ID,Quantity,Order_Date,Status) VALUES (70,401,299,5,'2023-03-11','Shipped');
INSERT INTO orders(Order_ID,Customer_ID,Product_ID,Quantity,Order_Date,Status) VALUES (71,924,296,16,'2023-03-12','Returned');
INSERT INTO orders(Order_ID,Customer_ID,Product_ID,Quantity,Order_Date,Status) VALUES (72,730,13,16,'2023-03-13','Returned');
INSERT INTO orders(Order_ID,Customer_ID,Product_ID,Quantity,Order_Date,Status) VALUES (73,749,431,17,'2023-03-14','Shipped');
INSERT INTO orders(Order_ID,Customer_ID,Product_ID,Quantity,Order_Date,Status) VALUES (74,424,241,3,'2023-03-15','Cancelled');
INSERT INTO orders(Order_ID,Customer_ID,Product_ID,Quantity,Order_Date,Status) VALUES (75,988,133,1,'2023-03-16','Processing');
INSERT INTO orders(Order_ID,Customer_ID,Product_ID,Quantity,Order_Date,Status) VALUES (76,957,15,18,'2023-03-17','Shipped');
INSERT INTO orders(Order_ID,Customer_ID,Product_ID,Quantity,Order_Date,Status) VALUES (77,309,434,7,'2023-03-18','Delivered');
INSERT INTO orders(Order_ID,Customer_ID,Product_ID,Quantity,Order_Date,Status) VALUES (78,76,262,19,'2023-03-19','Returned');
INSERT INTO orders(Order_ID,Customer_ID,Product_ID,Quantity,Order_Date,Status) VALUES (79,930,328,14,'2023-03-20','Cancelled');
INSERT INTO orders(Order_ID,Customer_ID,Product_ID,Quantity,Order_Date,Status) VALUES (80,806,311,13,'2023-03-21','Shipped');
INSERT INTO orders(Order_ID,Customer_ID,Product_ID,Quantity,Order_Date,Status) VALUES (81,820,38,12,'2023-03-22','Processing');
INSERT INTO orders(Order_ID,Customer_ID,Product_ID,Quantity,Order_Date,Status) VALUES (82,20,133,7,'2023-03-23','Delivered');
INSERT INTO orders(Order_ID,Customer_ID,Product_ID,Quantity,Order_Date,Status) VALUES (83,968,117,18,'2023-03-24','Shipped');
INSERT INTO orders(Order_ID,Customer_ID,Product_ID,Quantity,Order_Date,Status) VALUES (84,236,477,13,'2023-03-25','Returned');
INSERT INTO orders(Order_ID,Customer_ID,Product_ID,Quantity,Order_Date,Status) VALUES (85,630,437,7,'2023-03-26','Delivered');
INSERT INTO orders(Order_ID,Customer_ID,Product_ID,Quantity,Order_Date,Status) VALUES (86,991,374,5,'2023-03-27','Cancelled');
INSERT INTO orders(Order_ID,Customer_ID,Product_ID,Quantity,Order_Date,Status) VALUES (87,703,364,9,'2023-03-28','Shipped');
INSERT INTO orders(Order_ID,Customer_ID,Product_ID,Quantity,Order_Date,Status) VALUES (88,781,14,4,'2023-03-29','Returned');
INSERT INTO orders(Order_ID,Customer_ID,Product_ID,Quantity,Order_Date,Status) VALUES (89,168,47,14,'2023-03-30','Cancelled');
INSERT INTO orders(Order_ID,Customer_ID,Product_ID,Quantity,Order_Date,Status) VALUES (90,313,451,5,'2023-03-31','Returned');
INSERT INTO orders(Order_ID,Customer_ID,Product_ID,Quantity,Order_Date,Status) VALUES (91,825,62,7,'2023-04-01','Cancelled');
INSERT INTO orders(Order_ID,Customer_ID,Product_ID,Quantity,Order_Date,Status) VALUES (92,652,201,10,'2023-04-02','Shipped');
INSERT INTO orders(Order_ID,Customer_ID,Product_ID,Quantity,Order_Date,Status) VALUES (93,641,123,18,'2023-04-03','Shipped');
INSERT INTO orders(Order_ID,Customer_ID,Product_ID,Quantity,Order_Date,Status) VALUES (94,231,124,11,'2023-04-04','Cancelled');
INSERT INTO orders(Order_ID,Customer_ID,Product_ID,Quantity,Order_Date,Status) VALUES (95,643,220,18,'2023-04-05','Shipped');
INSERT INTO orders(Order_ID,Customer_ID,Product_ID,Quantity,Order_Date,Status) VALUES (96,446,421,18,'2023-04-06','Returned');
INSERT INTO orders(Order_ID,Customer_ID,Product_ID,Quantity,Order_Date,Status) VALUES (97,147,256,12,'2023-04-07','Shipped');
INSERT INTO orders(Order_ID,Customer_ID,Product_ID,Quantity,Order_Date,Status) VALUES (98,269,37,19,'2023-04-08','Processing');
INSERT INTO orders(Order_ID,Customer_ID,Product_ID,Quantity,Order_Date,Status) VALUES (99,791,274,6,'2023-04-09','Cancelled');
INSERT INTO orders(Order_ID,Customer_ID,Product_ID,Quantity,Order_Date,Status) VALUES (100,179,94,3,'2023-04-10','Returned');
INSERT INTO orders(Order_ID,Customer_ID,Product_ID,Quantity,Order_Date,Status) VALUES (101,55,189,16,'2023-04-11','Processing');
INSERT INTO orders(Order_ID,Customer_ID,Product_ID,Quantity,Order_Date,Status) VALUES (102,745,340,6,'2023-04-12','Delivered');
INSERT INTO orders(Order_ID,Customer_ID,Product_ID,Quantity,Order_Date,Status) VALUES (103,886,339,6,'2023-04-13','Cancelled');
INSERT INTO orders(Order_ID,Customer_ID,Product_ID,Quantity,Order_Date,Status) VALUES (104,108,94,7,'2023-04-14','Processing');
INSERT INTO orders(Order_ID,Customer_ID,Product_ID,Quantity,Order_Date,Status) VALUES (105,812,104,15,'2023-04-15','Shipped');
INSERT INTO orders(Order_ID,Customer_ID,Product_ID,Quantity,Order_Date,Status) VALUES (106,897,446,18,'2023-04-16','Processing');
INSERT INTO orders(Order_ID,Customer_ID,Product_ID,Quantity,Order_Date,Status) VALUES (107,479,241,15,'2023-04-17','Returned');
INSERT INTO orders(Order_ID,Customer_ID,Product_ID,Quantity,Order_Date,Status) VALUES (108,102,12,8,'2023-04-18','Delivered');
INSERT INTO orders(Order_ID,Customer_ID,Product_ID,Quantity,Order_Date,Status) VALUES (109,84,423,3,'2023-04-19','Returned');
INSERT INTO orders(Order_ID,Customer_ID,Product_ID,Quantity,Order_Date,Status) VALUES (110,223,402,1,'2023-04-20','Cancelled');
INSERT INTO orders(Order_ID,Customer_ID,Product_ID,Quantity,Order_Date,Status) VALUES (111,737,278,18,'2023-04-21','Processing');
INSERT INTO orders(Order_ID,Customer_ID,Product_ID,Quantity,Order_Date,Status) VALUES (112,565,227,6,'2023-04-22','Delivered');
INSERT INTO orders(Order_ID,Customer_ID,Product_ID,Quantity,Order_Date,Status) VALUES (113,691,83,1,'2023-04-23','Returned');
INSERT INTO orders(Order_ID,Customer_ID,Product_ID,Quantity,Order_Date,Status) VALUES (114,239,118,16,'2023-04-24','Processing');
INSERT INTO orders(Order_ID,Customer_ID,Product_ID,Quantity,Order_Date,Status) VALUES (115,843,222,8,'2023-04-25','Returned');
INSERT INTO orders(Order_ID,Customer_ID,Product_ID,Quantity,Order_Date,Status) VALUES (116,70,272,17,'2023-04-26','Cancelled');
INSERT INTO orders(Order_ID,Customer_ID,Product_ID,Quantity,Order_Date,Status) VALUES (117,94,41,14,'2023-04-27','Returned');
INSERT INTO orders(Order_ID,Customer_ID,Product_ID,Quantity,Order_Date,Status) VALUES (118,481,279,5,'2023-04-28','Delivered');
INSERT INTO orders(Order_ID,Customer_ID,Product_ID,Quantity,Order_Date,Status) VALUES (119,381,273,14,'2023-04-29','Shipped');
INSERT INTO orders(Order_ID,Customer_ID,Product_ID,Quantity,Order_Date,Status) VALUES (120,652,114,9,'2023-04-30','Delivered');
INSERT INTO orders(Order_ID,Customer_ID,Product_ID,Quantity,Order_Date,Status) VALUES (121,588,381,11,'2023-05-01','Shipped');
INSERT INTO orders(Order_ID,Customer_ID,Product_ID,Quantity,Order_Date,Status) VALUES (122,699,297,1,'2023-05-02','Delivered');
INSERT INTO orders(Order_ID,Customer_ID,Product_ID,Quantity,Order_Date,Status) VALUES (123,39,199,15,'2023-05-03','Returned');
INSERT INTO orders(Order_ID,Customer_ID,Product_ID,Quantity,Order_Date,Status) VALUES (124,223,304,14,'2023-05-04','Returned');
INSERT INTO orders(Order_ID,Customer_ID,Product_ID,Quantity,Order_Date,Status) VALUES (125,918,44,15,'2023-05-05','Shipped');
INSERT INTO orders(Order_ID,Customer_ID,Product_ID,Quantity,Order_Date,Status) VALUES (126,933,415,1,'2023-05-06','Returned');
INSERT INTO orders(Order_ID,Customer_ID,Product_ID,Quantity,Order_Date,Status) VALUES (127,941,351,2,'2023-05-07','Returned');
INSERT INTO orders(Order_ID,Customer_ID,Product_ID,Quantity,Order_Date,Status) VALUES (128,386,64,4,'2023-05-08','Shipped');
INSERT INTO orders(Order_ID,Customer_ID,Product_ID,Quantity,Order_Date,Status) VALUES (129,998,238,13,'2023-05-09','Returned');
INSERT INTO orders(Order_ID,Customer_ID,Product_ID,Quantity,Order_Date,Status) VALUES (130,91,412,8,'2023-05-10','Cancelled');
INSERT INTO orders(Order_ID,Customer_ID,Product_ID,Quantity,Order_Date,Status) VALUES (131,89,347,9,'2023-05-11','Returned');
INSERT INTO orders(Order_ID,Customer_ID,Product_ID,Quantity,Order_Date,Status) VALUES (132,944,22,4,'2023-05-12','Delivered');
INSERT INTO orders(Order_ID,Customer_ID,Product_ID,Quantity,Order_Date,Status) VALUES (133,277,34,6,'2023-05-13','Shipped');
INSERT INTO orders(Order_ID,Customer_ID,Product_ID,Quantity,Order_Date,Status) VALUES (134,641,196,4,'2023-05-14','Processing');
INSERT INTO orders(Order_ID,Customer_ID,Product_ID,Quantity,Order_Date,Status) VALUES (135,877,124,1,'2023-05-15','Returned');
INSERT INTO orders(Order_ID,Customer_ID,Product_ID,Quantity,Order_Date,Status) VALUES (136,333,251,16,'2023-05-16','Processing');
INSERT INTO orders(Order_ID,Customer_ID,Product_ID,Quantity,Order_Date,Status) VALUES (137,140,136,2,'2023-05-17','Returned');
INSERT INTO orders(Order_ID,Customer_ID,Product_ID,Quantity,Order_Date,Status) VALUES (138,932,208,16,'2023-05-18','Delivered');
INSERT INTO orders(Order_ID,Customer_ID,Product_ID,Quantity,Order_Date,Status) VALUES (139,456,222,4,'2023-05-19','Processing');
INSERT INTO orders(Order_ID,Customer_ID,Product_ID,Quantity,Order_Date,Status) VALUES (140,873,388,5,'2023-05-20','Shipped');
INSERT INTO orders(Order_ID,Customer_ID,Product_ID,Quantity,Order_Date,Status) VALUES (141,73,20,15,'2023-05-21','Processing');
INSERT INTO orders(Order_ID,Customer_ID,Product_ID,Quantity,Order_Date,Status) VALUES (142,274,114,1,'2023-05-22','Delivered');
INSERT INTO orders(Order_ID,Customer_ID,Product_ID,Quantity,Order_Date,Status) VALUES (143,420,499,6,'2023-05-23','Cancelled');
INSERT INTO orders(Order_ID,Customer_ID,Product_ID,Quantity,Order_Date,Status) VALUES (144,883,140,11,'2023-05-24','Processing');
INSERT INTO orders(Order_ID,Customer_ID,Product_ID,Quantity,Order_Date,Status) VALUES (145,636,83,2,'2023-05-25','Shipped');
INSERT INTO orders(Order_ID,Customer_ID,Product_ID,Quantity,Order_Date,Status) VALUES (146,981,73,8,'2023-05-26','Delivered');
INSERT INTO orders(Order_ID,Customer_ID,Product_ID,Quantity,Order_Date,Status) VALUES (147,412,194,19,'2023-05-27','Delivered');
INSERT INTO orders(Order_ID,Customer_ID,Product_ID,Quantity,Order_Date,Status) VALUES (148,644,495,17,'2023-05-28','Returned');
INSERT INTO orders(Order_ID,Customer_ID,Product_ID,Quantity,Order_Date,Status) VALUES (149,648,5,18,'2023-05-29','Shipped');
INSERT INTO orders(Order_ID,Customer_ID,Product_ID,Quantity,Order_Date,Status) VALUES (150,793,194,15,'2023-05-30','Cancelled');
INSERT INTO orders(Order_ID,Customer_ID,Product_ID,Quantity,Order_Date,Status) VALUES (151,318,60,10,'2023-05-31','Cancelled');
INSERT INTO orders(Order_ID,Customer_ID,Product_ID,Quantity,Order_Date,Status) VALUES (152,964,487,11,'2023-06-01','Shipped');
INSERT INTO orders(Order_ID,Customer_ID,Product_ID,Quantity,Order_Date,Status) VALUES (153,334,118,13,'2023-06-02','Shipped');
INSERT INTO orders(Order_ID,Customer_ID,Product_ID,Quantity,Order_Date,Status) VALUES (154,415,269,2,'2023-06-03','Delivered');
INSERT INTO orders(Order_ID,Customer_ID,Product_ID,Quantity,Order_Date,Status) VALUES (155,402,10,6,'2023-06-04','Delivered');
INSERT INTO orders(Order_ID,Customer_ID,Product_ID,Quantity,Order_Date,Status) VALUES (156,985,495,13,'2023-06-05','Processing');
INSERT INTO orders(Order_ID,Customer_ID,Product_ID,Quantity,Order_Date,Status) VALUES (157,503,425,2,'2023-06-06','Shipped');
INSERT INTO orders(Order_ID,Customer_ID,Product_ID,Quantity,Order_Date,Status) VALUES (158,67,68,3,'2023-06-07','Returned');
INSERT INTO orders(Order_ID,Customer_ID,Product_ID,Quantity,Order_Date,Status) VALUES (159,565,316,2,'2023-06-08','Cancelled');
INSERT INTO orders(Order_ID,Customer_ID,Product_ID,Quantity,Order_Date,Status) VALUES (160,85,167,8,'2023-06-09','Cancelled');
INSERT INTO orders(Order_ID,Customer_ID,Product_ID,Quantity,Order_Date,Status) VALUES (161,802,19,4,'2023-06-10','Cancelled');
INSERT INTO orders(Order_ID,Customer_ID,Product_ID,Quantity,Order_Date,Status) VALUES (162,741,453,17,'2023-06-11','Delivered');
INSERT INTO orders(Order_ID,Customer_ID,Product_ID,Quantity,Order_Date,Status) VALUES (163,241,246,10,'2023-06-12','Processing');
INSERT INTO orders(Order_ID,Customer_ID,Product_ID,Quantity,Order_Date,Status) VALUES (164,221,9,9,'2023-06-13','Delivered');
INSERT INTO orders(Order_ID,Customer_ID,Product_ID,Quantity,Order_Date,Status) VALUES (165,88,298,7,'2023-06-14','Returned');
INSERT INTO orders(Order_ID,Customer_ID,Product_ID,Quantity,Order_Date,Status) VALUES (166,208,132,14,'2023-06-15','Shipped');
INSERT INTO orders(Order_ID,Customer_ID,Product_ID,Quantity,Order_Date,Status) VALUES (167,464,92,3,'2023-06-16','Cancelled');
INSERT INTO orders(Order_ID,Customer_ID,Product_ID,Quantity,Order_Date,Status) VALUES (168,10,17,19,'2023-06-17','Delivered');
INSERT INTO orders(Order_ID,Customer_ID,Product_ID,Quantity,Order_Date,Status) VALUES (169,716,292,12,'2023-06-18','Processing');
INSERT INTO orders(Order_ID,Customer_ID,Product_ID,Quantity,Order_Date,Status) VALUES (170,430,410,15,'2023-06-19','Returned');
INSERT INTO orders(Order_ID,Customer_ID,Product_ID,Quantity,Order_Date,Status) VALUES (171,599,323,2,'2023-06-20','Processing');
INSERT INTO orders(Order_ID,Customer_ID,Product_ID,Quantity,Order_Date,Status) VALUES (172,510,192,13,'2023-06-21','Delivered');
INSERT INTO orders(Order_ID,Customer_ID,Product_ID,Quantity,Order_Date,Status) VALUES (173,384,1,18,'2023-06-22','Returned');
INSERT INTO orders(Order_ID,Customer_ID,Product_ID,Quantity,Order_Date,Status) VALUES (174,819,164,1,'2023-06-23','Shipped');
INSERT INTO orders(Order_ID,Customer_ID,Product_ID,Quantity,Order_Date,Status) VALUES (175,191,43,3,'2023-06-24','Shipped');
INSERT INTO orders(Order_ID,Customer_ID,Product_ID,Quantity,Order_Date,Status) VALUES (176,41,167,14,'2023-06-25','Delivered');
INSERT INTO orders(Order_ID,Customer_ID,Product_ID,Quantity,Order_Date,Status) VALUES (177,884,142,15,'2023-06-26','Shipped');
INSERT INTO orders(Order_ID,Customer_ID,Product_ID,Quantity,Order_Date,Status) VALUES (178,18,454,3,'2023-06-27','Cancelled');
INSERT INTO orders(Order_ID,Customer_ID,Product_ID,Quantity,Order_Date,Status) VALUES (179,117,424,13,'2023-06-28','Cancelled');
INSERT INTO orders(Order_ID,Customer_ID,Product_ID,Quantity,Order_Date,Status) VALUES (180,924,242,13,'2023-06-29','Shipped');
INSERT INTO orders(Order_ID,Customer_ID,Product_ID,Quantity,Order_Date,Status) VALUES (181,464,155,9,'2023-06-30','Shipped');
INSERT INTO orders(Order_ID,Customer_ID,Product_ID,Quantity,Order_Date,Status) VALUES (182,42,306,8,'2023-07-01','Shipped');
INSERT INTO orders(Order_ID,Customer_ID,Product_ID,Quantity,Order_Date,Status) VALUES (183,161,161,1,'2023-07-02','Processing');
INSERT INTO orders(Order_ID,Customer_ID,Product_ID,Quantity,Order_Date,Status) VALUES (184,850,226,5,'2023-07-03','Shipped');
INSERT INTO orders(Order_ID,Customer_ID,Product_ID,Quantity,Order_Date,Status) VALUES (185,469,274,2,'2023-07-04','Delivered');
INSERT INTO orders(Order_ID,Customer_ID,Product_ID,Quantity,Order_Date,Status) VALUES (186,261,365,17,'2023-07-05','Processing');
INSERT INTO orders(Order_ID,Customer_ID,Product_ID,Quantity,Order_Date,Status) VALUES (187,540,433,6,'2023-07-06','Processing');
INSERT INTO orders(Order_ID,Customer_ID,Product_ID,Quantity,Order_Date,Status) VALUES (188,446,446,2,'2023-07-07','Returned');
INSERT INTO orders(Order_ID,Customer_ID,Product_ID,Quantity,Order_Date,Status) VALUES (189,185,83,1,'2023-07-08','Cancelled');
INSERT INTO orders(Order_ID,Customer_ID,Product_ID,Quantity,Order_Date,Status) VALUES (190,921,107,18,'2023-07-09','Processing');
INSERT INTO orders(Order_ID,Customer_ID,Product_ID,Quantity,Order_Date,Status) VALUES (191,311,337,10,'2023-07-10','Delivered');
INSERT INTO orders(Order_ID,Customer_ID,Product_ID,Quantity,Order_Date,Status) VALUES (192,478,448,5,'2023-07-11','Cancelled');
INSERT INTO orders(Order_ID,Customer_ID,Product_ID,Quantity,Order_Date,Status) VALUES (193,140,361,6,'2023-07-12','Delivered');
INSERT INTO orders(Order_ID,Customer_ID,Product_ID,Quantity,Order_Date,Status) VALUES (194,189,432,11,'2023-07-13','Cancelled');
INSERT INTO orders(Order_ID,Customer_ID,Product_ID,Quantity,Order_Date,Status) VALUES (195,220,156,5,'2023-07-14','Returned');
INSERT INTO orders(Order_ID,Customer_ID,Product_ID,Quantity,Order_Date,Status) VALUES (196,147,387,9,'2023-07-15','Shipped');
INSERT INTO orders(Order_ID,Customer_ID,Product_ID,Quantity,Order_Date,Status) VALUES (197,237,235,18,'2023-07-16','Cancelled');
INSERT INTO orders(Order_ID,Customer_ID,Product_ID,Quantity,Order_Date,Status) VALUES (198,253,484,2,'2023-07-17','Delivered');
INSERT INTO orders(Order_ID,Customer_ID,Product_ID,Quantity,Order_Date,Status) VALUES (199,954,246,6,'2023-07-18','Processing');
INSERT INTO orders(Order_ID,Customer_ID,Product_ID,Quantity,Order_Date,Status) VALUES (200,647,217,10,'2023-07-19','Cancelled');
INSERT INTO orders(Order_ID,Customer_ID,Product_ID,Quantity,Order_Date,Status) VALUES (201,593,233,8,'2023-07-20','Returned');
INSERT INTO orders(Order_ID,Customer_ID,Product_ID,Quantity,Order_Date,Status) VALUES (202,348,242,5,'2023-07-21','Processing');
INSERT INTO orders(Order_ID,Customer_ID,Product_ID,Quantity,Order_Date,Status) VALUES (203,185,429,2,'2023-07-22','Delivered');
INSERT INTO orders(Order_ID,Customer_ID,Product_ID,Quantity,Order_Date,Status) VALUES (204,32,21,1,'2023-07-23','Shipped');
INSERT INTO orders(Order_ID,Customer_ID,Product_ID,Quantity,Order_Date,Status) VALUES (205,535,114,14,'2023-07-24','Delivered');
INSERT INTO orders(Order_ID,Customer_ID,Product_ID,Quantity,Order_Date,Status) VALUES (206,597,165,12,'2023-07-25','Returned');
INSERT INTO orders(Order_ID,Customer_ID,Product_ID,Quantity,Order_Date,Status) VALUES (207,474,460,19,'2023-07-26','Shipped');
INSERT INTO orders(Order_ID,Customer_ID,Product_ID,Quantity,Order_Date,Status) VALUES (208,594,371,1,'2023-07-27','Returned');
INSERT INTO orders(Order_ID,Customer_ID,Product_ID,Quantity,Order_Date,Status) VALUES (209,113,405,10,'2023-07-28','Shipped');
INSERT INTO orders(Order_ID,Customer_ID,Product_ID,Quantity,Order_Date,Status) VALUES (210,775,257,4,'2023-07-29','Returned');
INSERT INTO orders(Order_ID,Customer_ID,Product_ID,Quantity,Order_Date,Status) VALUES (211,868,19,3,'2023-07-30','Cancelled');
INSERT INTO orders(Order_ID,Customer_ID,Product_ID,Quantity,Order_Date,Status) VALUES (212,518,186,19,'2023-07-31','Cancelled');
INSERT INTO orders(Order_ID,Customer_ID,Product_ID,Quantity,Order_Date,Status) VALUES (213,286,326,19,'2023-08-01','Delivered');
INSERT INTO orders(Order_ID,Customer_ID,Product_ID,Quantity,Order_Date,Status) VALUES (214,917,433,9,'2023-08-02','Delivered');
INSERT INTO orders(Order_ID,Customer_ID,Product_ID,Quantity,Order_Date,Status) VALUES (215,872,458,14,'2023-08-03','Processing');
INSERT INTO orders(Order_ID,Customer_ID,Product_ID,Quantity,Order_Date,Status) VALUES (216,310,452,4,'2023-08-04','Delivered');
INSERT INTO orders(Order_ID,Customer_ID,Product_ID,Quantity,Order_Date,Status) VALUES (217,397,486,19,'2023-08-05','Returned');
INSERT INTO orders(Order_ID,Customer_ID,Product_ID,Quantity,Order_Date,Status) VALUES (218,781,309,15,'2023-08-06','Processing');
INSERT INTO orders(Order_ID,Customer_ID,Product_ID,Quantity,Order_Date,Status) VALUES (219,225,140,5,'2023-08-07','Shipped');
INSERT INTO orders(Order_ID,Customer_ID,Product_ID,Quantity,Order_Date,Status) VALUES (220,269,32,8,'2023-08-08','Cancelled');
INSERT INTO orders(Order_ID,Customer_ID,Product_ID,Quantity,Order_Date,Status) VALUES (221,370,301,1,'2023-08-09','Shipped');
INSERT INTO orders(Order_ID,Customer_ID,Product_ID,Quantity,Order_Date,Status) VALUES (222,472,106,14,'2023-08-10','Cancelled');
INSERT INTO orders(Order_ID,Customer_ID,Product_ID,Quantity,Order_Date,Status) VALUES (223,922,437,13,'2023-08-11','Shipped');
INSERT INTO orders(Order_ID,Customer_ID,Product_ID,Quantity,Order_Date,Status) VALUES (224,676,388,3,'2023-08-12','Cancelled');
INSERT INTO orders(Order_ID,Customer_ID,Product_ID,Quantity,Order_Date,Status) VALUES (225,946,179,6,'2023-08-13','Returned');
INSERT INTO orders(Order_ID,Customer_ID,Product_ID,Quantity,Order_Date,Status) VALUES (226,280,204,18,'2023-08-14','Cancelled');
INSERT INTO orders(Order_ID,Customer_ID,Product_ID,Quantity,Order_Date,Status) VALUES (227,315,26,8,'2023-08-15','Processing');
INSERT INTO orders(Order_ID,Customer_ID,Product_ID,Quantity,Order_Date,Status) VALUES (228,298,237,12,'2023-08-16','Delivered');
INSERT INTO orders(Order_ID,Customer_ID,Product_ID,Quantity,Order_Date,Status) VALUES (229,90,58,18,'2023-08-17','Processing');
INSERT INTO orders(Order_ID,Customer_ID,Product_ID,Quantity,Order_Date,Status) VALUES (230,466,232,13,'2023-08-18','Returned');
INSERT INTO orders(Order_ID,Customer_ID,Product_ID,Quantity,Order_Date,Status) VALUES (231,961,394,11,'2023-08-19','Cancelled');
INSERT INTO orders(Order_ID,Customer_ID,Product_ID,Quantity,Order_Date,Status) VALUES (232,918,315,2,'2023-08-20','Cancelled');
INSERT INTO orders(Order_ID,Customer_ID,Product_ID,Quantity,Order_Date,Status) VALUES (233,8,44,17,'2023-08-21','Processing');
INSERT INTO orders(Order_ID,Customer_ID,Product_ID,Quantity,Order_Date,Status) VALUES (234,315,333,3,'2023-08-22','Processing');
INSERT INTO orders(Order_ID,Customer_ID,Product_ID,Quantity,Order_Date,Status) VALUES (235,372,349,12,'2023-08-23','Cancelled');
INSERT INTO orders(Order_ID,Customer_ID,Product_ID,Quantity,Order_Date,Status) VALUES (236,970,89,15,'2023-08-24','Returned');
INSERT INTO orders(Order_ID,Customer_ID,Product_ID,Quantity,Order_Date,Status) VALUES (237,657,397,11,'2023-08-25','Shipped');
INSERT INTO orders(Order_ID,Customer_ID,Product_ID,Quantity,Order_Date,Status) VALUES (238,609,365,2,'2023-08-26','Processing');
INSERT INTO orders(Order_ID,Customer_ID,Product_ID,Quantity,Order_Date,Status) VALUES (239,102,454,13,'2023-08-27','Delivered');
INSERT INTO orders(Order_ID,Customer_ID,Product_ID,Quantity,Order_Date,Status) VALUES (240,755,292,19,'2023-08-28','Processing');
INSERT INTO orders(Order_ID,Customer_ID,Product_ID,Quantity,Order_Date,Status) VALUES (241,78,203,15,'2023-08-29','Cancelled');
INSERT INTO orders(Order_ID,Customer_ID,Product_ID,Quantity,Order_Date,Status) VALUES (242,482,124,15,'2023-08-30','Shipped');
INSERT INTO orders(Order_ID,Customer_ID,Product_ID,Quantity,Order_Date,Status) VALUES (243,368,359,2,'2023-08-31','Returned');
INSERT INTO orders(Order_ID,Customer_ID,Product_ID,Quantity,Order_Date,Status) VALUES (244,499,103,7,'2023-09-01','Cancelled');
INSERT INTO orders(Order_ID,Customer_ID,Product_ID,Quantity,Order_Date,Status) VALUES (245,254,244,19,'2023-09-02','Processing');
INSERT INTO orders(Order_ID,Customer_ID,Product_ID,Quantity,Order_Date,Status) VALUES (246,935,231,1,'2023-09-03','Processing');
INSERT INTO orders(Order_ID,Customer_ID,Product_ID,Quantity,Order_Date,Status) VALUES (247,544,385,15,'2023-09-04','Processing');
INSERT INTO orders(Order_ID,Customer_ID,Product_ID,Quantity,Order_Date,Status) VALUES (248,684,478,18,'2023-09-05','Processing');
INSERT INTO orders(Order_ID,Customer_ID,Product_ID,Quantity,Order_Date,Status) VALUES (249,272,491,8,'2023-09-06','Processing');
INSERT INTO orders(Order_ID,Customer_ID,Product_ID,Quantity,Order_Date,Status) VALUES (250,162,358,4,'2023-09-07','Cancelled');
INSERT INTO orders(Order_ID,Customer_ID,Product_ID,Quantity,Order_Date,Status) VALUES (251,113,322,3,'2023-09-08','Returned');
INSERT INTO orders(Order_ID,Customer_ID,Product_ID,Quantity,Order_Date,Status) VALUES (252,280,97,8,'2023-09-09','Shipped');
INSERT INTO orders(Order_ID,Customer_ID,Product_ID,Quantity,Order_Date,Status) VALUES (253,359,68,13,'2023-09-10','Shipped');
INSERT INTO orders(Order_ID,Customer_ID,Product_ID,Quantity,Order_Date,Status) VALUES (254,825,327,10,'2023-09-11','Shipped');
INSERT INTO orders(Order_ID,Customer_ID,Product_ID,Quantity,Order_Date,Status) VALUES (255,323,83,7,'2023-09-12','Processing');
INSERT INTO orders(Order_ID,Customer_ID,Product_ID,Quantity,Order_Date,Status) VALUES (256,487,300,10,'2023-09-13','Shipped');
INSERT INTO orders(Order_ID,Customer_ID,Product_ID,Quantity,Order_Date,Status) VALUES (257,880,206,4,'2023-09-14','Returned');
INSERT INTO orders(Order_ID,Customer_ID,Product_ID,Quantity,Order_Date,Status) VALUES (258,348,412,7,'2023-09-15','Delivered');
INSERT INTO orders(Order_ID,Customer_ID,Product_ID,Quantity,Order_Date,Status) VALUES (259,683,376,9,'2023-09-16','Delivered');
INSERT INTO orders(Order_ID,Customer_ID,Product_ID,Quantity,Order_Date,Status) VALUES (260,749,196,8,'2023-09-17','Shipped');
INSERT INTO orders(Order_ID,Customer_ID,Product_ID,Quantity,Order_Date,Status) VALUES (261,125,358,2,'2023-09-18','Processing');
INSERT INTO orders(Order_ID,Customer_ID,Product_ID,Quantity,Order_Date,Status) VALUES (262,763,106,11,'2023-09-19','Delivered');
INSERT INTO orders(Order_ID,Customer_ID,Product_ID,Quantity,Order_Date,Status) VALUES (263,279,88,12,'2023-09-20','Delivered');
INSERT INTO orders(Order_ID,Customer_ID,Product_ID,Quantity,Order_Date,Status) VALUES (264,17,197,18,'2023-09-21','Processing');
INSERT INTO orders(Order_ID,Customer_ID,Product_ID,Quantity,Order_Date,Status) VALUES (265,606,267,11,'2023-09-22','Shipped');
INSERT INTO orders(Order_ID,Customer_ID,Product_ID,Quantity,Order_Date,Status) VALUES (266,40,55,17,'2023-09-23','Delivered');
INSERT INTO orders(Order_ID,Customer_ID,Product_ID,Quantity,Order_Date,Status) VALUES (267,393,394,15,'2023-09-24','Returned');
INSERT INTO orders(Order_ID,Customer_ID,Product_ID,Quantity,Order_Date,Status) VALUES (268,136,306,11,'2023-09-25','Delivered');
INSERT INTO orders(Order_ID,Customer_ID,Product_ID,Quantity,Order_Date,Status) VALUES (269,391,71,3,'2023-09-26','Processing');
INSERT INTO orders(Order_ID,Customer_ID,Product_ID,Quantity,Order_Date,Status) VALUES (270,80,348,18,'2023-09-27','Processing');
INSERT INTO orders(Order_ID,Customer_ID,Product_ID,Quantity,Order_Date,Status) VALUES (271,659,495,7,'2023-09-28','Processing');
INSERT INTO orders(Order_ID,Customer_ID,Product_ID,Quantity,Order_Date,Status) VALUES (272,145,344,6,'2023-09-29','Processing');
INSERT INTO orders(Order_ID,Customer_ID,Product_ID,Quantity,Order_Date,Status) VALUES (273,736,491,2,'2023-09-30','Cancelled');
INSERT INTO orders(Order_ID,Customer_ID,Product_ID,Quantity,Order_Date,Status) VALUES (274,562,319,13,'2023-10-01','Processing');
INSERT INTO orders(Order_ID,Customer_ID,Product_ID,Quantity,Order_Date,Status) VALUES (275,641,357,16,'2023-10-02','Processing');
INSERT INTO orders(Order_ID,Customer_ID,Product_ID,Quantity,Order_Date,Status) VALUES (276,694,192,6,'2023-10-03','Returned');
INSERT INTO orders(Order_ID,Customer_ID,Product_ID,Quantity,Order_Date,Status) VALUES (277,939,256,17,'2023-10-04','Delivered');
INSERT INTO orders(Order_ID,Customer_ID,Product_ID,Quantity,Order_Date,Status) VALUES (278,401,433,3,'2023-10-05','Returned');
INSERT INTO orders(Order_ID,Customer_ID,Product_ID,Quantity,Order_Date,Status) VALUES (279,897,292,13,'2023-10-06','Cancelled');
INSERT INTO orders(Order_ID,Customer_ID,Product_ID,Quantity,Order_Date,Status) VALUES (280,839,79,4,'2023-10-07','Processing');
INSERT INTO orders(Order_ID,Customer_ID,Product_ID,Quantity,Order_Date,Status) VALUES (281,262,85,16,'2023-10-08','Cancelled');
INSERT INTO orders(Order_ID,Customer_ID,Product_ID,Quantity,Order_Date,Status) VALUES (282,646,192,4,'2023-10-09','Returned');
INSERT INTO orders(Order_ID,Customer_ID,Product_ID,Quantity,Order_Date,Status) VALUES (283,559,205,3,'2023-10-10','Returned');
INSERT INTO orders(Order_ID,Customer_ID,Product_ID,Quantity,Order_Date,Status) VALUES (284,733,47,2,'2023-10-11','Returned');
INSERT INTO orders(Order_ID,Customer_ID,Product_ID,Quantity,Order_Date,Status) VALUES (285,616,427,13,'2023-10-12','Returned');
INSERT INTO orders(Order_ID,Customer_ID,Product_ID,Quantity,Order_Date,Status) VALUES (286,165,158,17,'2023-10-13','Shipped');
INSERT INTO orders(Order_ID,Customer_ID,Product_ID,Quantity,Order_Date,Status) VALUES (287,885,90,12,'2023-10-14','Processing');
INSERT INTO orders(Order_ID,Customer_ID,Product_ID,Quantity,Order_Date,Status) VALUES (288,991,461,8,'2023-10-15','Shipped');
INSERT INTO orders(Order_ID,Customer_ID,Product_ID,Quantity,Order_Date,Status) VALUES (289,389,395,14,'2023-10-16','Shipped');
INSERT INTO orders(Order_ID,Customer_ID,Product_ID,Quantity,Order_Date,Status) VALUES (290,478,467,5,'2023-10-17','Processing');
INSERT INTO orders(Order_ID,Customer_ID,Product_ID,Quantity,Order_Date,Status) VALUES (291,487,160,12,'2023-10-18','Shipped');
INSERT INTO orders(Order_ID,Customer_ID,Product_ID,Quantity,Order_Date,Status) VALUES (292,321,53,13,'2023-10-19','Delivered');
INSERT INTO orders(Order_ID,Customer_ID,Product_ID,Quantity,Order_Date,Status) VALUES (293,25,303,18,'2023-10-20','Delivered');
INSERT INTO orders(Order_ID,Customer_ID,Product_ID,Quantity,Order_Date,Status) VALUES (294,1000,307,10,'2023-10-21','Processing');
INSERT INTO orders(Order_ID,Customer_ID,Product_ID,Quantity,Order_Date,Status) VALUES (295,668,319,7,'2023-10-22','Returned');
INSERT INTO orders(Order_ID,Customer_ID,Product_ID,Quantity,Order_Date,Status) VALUES (296,137,263,14,'2023-10-23','Delivered');
INSERT INTO orders(Order_ID,Customer_ID,Product_ID,Quantity,Order_Date,Status) VALUES (297,281,375,1,'2023-10-24','Returned');
INSERT INTO orders(Order_ID,Customer_ID,Product_ID,Quantity,Order_Date,Status) VALUES (298,546,168,5,'2023-10-25','Processing');
INSERT INTO orders(Order_ID,Customer_ID,Product_ID,Quantity,Order_Date,Status) VALUES (299,169,372,6,'2023-10-26','Processing');
INSERT INTO orders(Order_ID,Customer_ID,Product_ID,Quantity,Order_Date,Status) VALUES (300,550,270,4,'2023-10-27','Shipped');
INSERT INTO orders(Order_ID,Customer_ID,Product_ID,Quantity,Order_Date,Status) VALUES (301,399,443,13,'2023-10-28','Processing');
INSERT INTO orders(Order_ID,Customer_ID,Product_ID,Quantity,Order_Date,Status) VALUES (302,68,390,9,'2023-10-29','Shipped');
INSERT INTO orders(Order_ID,Customer_ID,Product_ID,Quantity,Order_Date,Status) VALUES (303,397,39,15,'2023-10-30','Delivered');
INSERT INTO orders(Order_ID,Customer_ID,Product_ID,Quantity,Order_Date,Status) VALUES (304,481,453,15,'2023-10-31','Returned');
INSERT INTO orders(Order_ID,Customer_ID,Product_ID,Quantity,Order_Date,Status) VALUES (305,160,71,15,'2023-11-01','Returned');
INSERT INTO orders(Order_ID,Customer_ID,Product_ID,Quantity,Order_Date,Status) VALUES (306,920,266,12,'2023-11-02','Processing');
INSERT INTO orders(Order_ID,Customer_ID,Product_ID,Quantity,Order_Date,Status) VALUES (307,835,470,12,'2023-11-03','Processing');
INSERT INTO orders(Order_ID,Customer_ID,Product_ID,Quantity,Order_Date,Status) VALUES (308,750,134,5,'2023-11-04','Delivered');
INSERT INTO orders(Order_ID,Customer_ID,Product_ID,Quantity,Order_Date,Status) VALUES (309,322,290,14,'2023-11-05','Delivered');
INSERT INTO orders(Order_ID,Customer_ID,Product_ID,Quantity,Order_Date,Status) VALUES (310,329,257,15,'2023-11-06','Cancelled');
INSERT INTO orders(Order_ID,Customer_ID,Product_ID,Quantity,Order_Date,Status) VALUES (311,386,448,19,'2023-11-07','Processing');
INSERT INTO orders(Order_ID,Customer_ID,Product_ID,Quantity,Order_Date,Status) VALUES (312,455,86,10,'2023-11-08','Returned');
INSERT INTO orders(Order_ID,Customer_ID,Product_ID,Quantity,Order_Date,Status) VALUES (313,119,241,2,'2023-11-09','Returned');
INSERT INTO orders(Order_ID,Customer_ID,Product_ID,Quantity,Order_Date,Status) VALUES (314,7,375,6,'2023-11-10','Cancelled');
INSERT INTO orders(Order_ID,Customer_ID,Product_ID,Quantity,Order_Date,Status) VALUES (315,789,168,5,'2023-11-11','Returned');
INSERT INTO orders(Order_ID,Customer_ID,Product_ID,Quantity,Order_Date,Status) VALUES (316,183,298,13,'2023-11-12','Processing');
INSERT INTO orders(Order_ID,Customer_ID,Product_ID,Quantity,Order_Date,Status) VALUES (317,845,319,9,'2023-11-13','Returned');
INSERT INTO orders(Order_ID,Customer_ID,Product_ID,Quantity,Order_Date,Status) VALUES (318,917,235,10,'2023-11-14','Delivered');
INSERT INTO orders(Order_ID,Customer_ID,Product_ID,Quantity,Order_Date,Status) VALUES (319,21,441,3,'2023-11-15','Cancelled');
INSERT INTO orders(Order_ID,Customer_ID,Product_ID,Quantity,Order_Date,Status) VALUES (320,404,402,10,'2023-11-16','Processing');
INSERT INTO orders(Order_ID,Customer_ID,Product_ID,Quantity,Order_Date,Status) VALUES (321,717,199,13,'2023-11-17','Cancelled');
INSERT INTO orders(Order_ID,Customer_ID,Product_ID,Quantity,Order_Date,Status) VALUES (322,121,120,4,'2023-11-18','Cancelled');
INSERT INTO orders(Order_ID,Customer_ID,Product_ID,Quantity,Order_Date,Status) VALUES (323,772,469,5,'2023-11-19','Processing');
INSERT INTO orders(Order_ID,Customer_ID,Product_ID,Quantity,Order_Date,Status) VALUES (324,331,340,4,'2023-11-20','Delivered');
INSERT INTO orders(Order_ID,Customer_ID,Product_ID,Quantity,Order_Date,Status) VALUES (325,966,181,16,'2023-11-21','Delivered');
INSERT INTO orders(Order_ID,Customer_ID,Product_ID,Quantity,Order_Date,Status) VALUES (326,818,399,6,'2023-11-22','Returned');
INSERT INTO orders(Order_ID,Customer_ID,Product_ID,Quantity,Order_Date,Status) VALUES (327,370,151,2,'2023-11-23','Cancelled');
INSERT INTO orders(Order_ID,Customer_ID,Product_ID,Quantity,Order_Date,Status) VALUES (328,351,221,1,'2023-11-24','Cancelled');
INSERT INTO orders(Order_ID,Customer_ID,Product_ID,Quantity,Order_Date,Status) VALUES (329,169,99,15,'2023-11-25','Returned');
INSERT INTO orders(Order_ID,Customer_ID,Product_ID,Quantity,Order_Date,Status) VALUES (330,570,115,18,'2023-11-26','Cancelled');
INSERT INTO orders(Order_ID,Customer_ID,Product_ID,Quantity,Order_Date,Status) VALUES (331,473,76,14,'2023-11-27','Cancelled');
INSERT INTO orders(Order_ID,Customer_ID,Product_ID,Quantity,Order_Date,Status) VALUES (332,704,420,16,'2023-11-28','Cancelled');
INSERT INTO orders(Order_ID,Customer_ID,Product_ID,Quantity,Order_Date,Status) VALUES (333,206,131,4,'2023-11-29','Returned');
INSERT INTO orders(Order_ID,Customer_ID,Product_ID,Quantity,Order_Date,Status) VALUES (334,920,274,9,'2023-11-30','Returned');
INSERT INTO orders(Order_ID,Customer_ID,Product_ID,Quantity,Order_Date,Status) VALUES (335,629,306,11,'2023-12-01','Shipped');
INSERT INTO orders(Order_ID,Customer_ID,Product_ID,Quantity,Order_Date,Status) VALUES (336,493,339,8,'2023-12-02','Cancelled');
INSERT INTO orders(Order_ID,Customer_ID,Product_ID,Quantity,Order_Date,Status) VALUES (337,266,424,15,'2023-12-03','Returned');
INSERT INTO orders(Order_ID,Customer_ID,Product_ID,Quantity,Order_Date,Status) VALUES (338,41,186,12,'2023-12-04','Delivered');
INSERT INTO orders(Order_ID,Customer_ID,Product_ID,Quantity,Order_Date,Status) VALUES (339,124,323,1,'2023-12-05','Returned');
INSERT INTO orders(Order_ID,Customer_ID,Product_ID,Quantity,Order_Date,Status) VALUES (340,520,348,6,'2023-12-06','Shipped');
INSERT INTO orders(Order_ID,Customer_ID,Product_ID,Quantity,Order_Date,Status) VALUES (341,376,262,11,'2023-12-07','Cancelled');
INSERT INTO orders(Order_ID,Customer_ID,Product_ID,Quantity,Order_Date,Status) VALUES (342,348,211,10,'2023-12-08','Delivered');
INSERT INTO orders(Order_ID,Customer_ID,Product_ID,Quantity,Order_Date,Status) VALUES (343,531,404,1,'2023-12-09','Shipped');
INSERT INTO orders(Order_ID,Customer_ID,Product_ID,Quantity,Order_Date,Status) VALUES (344,642,14,3,'2023-12-10','Processing');
INSERT INTO orders(Order_ID,Customer_ID,Product_ID,Quantity,Order_Date,Status) VALUES (345,859,98,19,'2023-12-11','Returned');
INSERT INTO orders(Order_ID,Customer_ID,Product_ID,Quantity,Order_Date,Status) VALUES (346,623,295,16,'2023-12-12','Returned');
INSERT INTO orders(Order_ID,Customer_ID,Product_ID,Quantity,Order_Date,Status) VALUES (347,138,481,5,'2023-12-13','Delivered');
INSERT INTO orders(Order_ID,Customer_ID,Product_ID,Quantity,Order_Date,Status) VALUES (348,451,194,2,'2023-12-14','Delivered');
INSERT INTO orders(Order_ID,Customer_ID,Product_ID,Quantity,Order_Date,Status) VALUES (349,78,318,18,'2023-12-15','Returned');
INSERT INTO orders(Order_ID,Customer_ID,Product_ID,Quantity,Order_Date,Status) VALUES (350,855,265,10,'2023-12-16','Returned');
INSERT INTO orders(Order_ID,Customer_ID,Product_ID,Quantity,Order_Date,Status) VALUES (351,459,136,3,'2023-12-17','Shipped');
INSERT INTO orders(Order_ID,Customer_ID,Product_ID,Quantity,Order_Date,Status) VALUES (352,195,333,8,'2023-12-18','Delivered');
INSERT INTO orders(Order_ID,Customer_ID,Product_ID,Quantity,Order_Date,Status) VALUES (353,54,154,11,'2023-12-19','Cancelled');
INSERT INTO orders(Order_ID,Customer_ID,Product_ID,Quantity,Order_Date,Status) VALUES (354,268,238,7,'2023-12-20','Returned');
INSERT INTO orders(Order_ID,Customer_ID,Product_ID,Quantity,Order_Date,Status) VALUES (355,288,145,4,'2023-12-21','Cancelled');
INSERT INTO orders(Order_ID,Customer_ID,Product_ID,Quantity,Order_Date,Status) VALUES (356,781,23,9,'2023-12-22','Cancelled');
INSERT INTO orders(Order_ID,Customer_ID,Product_ID,Quantity,Order_Date,Status) VALUES (357,455,64,2,'2023-12-23','Delivered');
INSERT INTO orders(Order_ID,Customer_ID,Product_ID,Quantity,Order_Date,Status) VALUES (358,447,382,3,'2023-12-24','Delivered');
INSERT INTO orders(Order_ID,Customer_ID,Product_ID,Quantity,Order_Date,Status) VALUES (359,621,21,14,'2023-12-25','Processing');
INSERT INTO orders(Order_ID,Customer_ID,Product_ID,Quantity,Order_Date,Status) VALUES (360,616,88,16,'2023-12-26','Cancelled');
INSERT INTO orders(Order_ID,Customer_ID,Product_ID,Quantity,Order_Date,Status) VALUES (361,423,344,6,'2023-12-27','Shipped');
INSERT INTO orders(Order_ID,Customer_ID,Product_ID,Quantity,Order_Date,Status) VALUES (362,933,456,14,'2023-12-28','Shipped');
INSERT INTO orders(Order_ID,Customer_ID,Product_ID,Quantity,Order_Date,Status) VALUES (363,2,243,4,'2023-12-29','Shipped');
INSERT INTO orders(Order_ID,Customer_ID,Product_ID,Quantity,Order_Date,Status) VALUES (364,269,364,6,'2023-12-30','Shipped');
INSERT INTO orders(Order_ID,Customer_ID,Product_ID,Quantity,Order_Date,Status) VALUES (365,82,256,19,'2023-12-31','Shipped');
INSERT INTO orders(Order_ID,Customer_ID,Product_ID,Quantity,Order_Date,Status) VALUES (366,801,486,11,'2024-01-01','Processing');
INSERT INTO orders(Order_ID,Customer_ID,Product_ID,Quantity,Order_Date,Status) VALUES (367,692,38,15,'2024-01-02','Returned');
INSERT INTO orders(Order_ID,Customer_ID,Product_ID,Quantity,Order_Date,Status) VALUES (368,632,135,17,'2024-01-03','Returned');
INSERT INTO orders(Order_ID,Customer_ID,Product_ID,Quantity,Order_Date,Status) VALUES (369,707,266,1,'2024-01-04','Shipped');
INSERT INTO orders(Order_ID,Customer_ID,Product_ID,Quantity,Order_Date,Status) VALUES (370,898,290,7,'2024-01-05','Returned');
INSERT INTO orders(Order_ID,Customer_ID,Product_ID,Quantity,Order_Date,Status) VALUES (371,409,294,17,'2024-01-06','Cancelled');
INSERT INTO orders(Order_ID,Customer_ID,Product_ID,Quantity,Order_Date,Status) VALUES (372,448,424,16,'2024-01-07','Delivered');
INSERT INTO orders(Order_ID,Customer_ID,Product_ID,Quantity,Order_Date,Status) VALUES (373,455,491,14,'2024-01-08','Processing');
INSERT INTO orders(Order_ID,Customer_ID,Product_ID,Quantity,Order_Date,Status) VALUES (374,172,309,12,'2024-01-09','Delivered');
INSERT INTO orders(Order_ID,Customer_ID,Product_ID,Quantity,Order_Date,Status) VALUES (375,981,157,13,'2024-01-10','Cancelled');
INSERT INTO orders(Order_ID,Customer_ID,Product_ID,Quantity,Order_Date,Status) VALUES (376,822,360,5,'2024-01-11','Cancelled');
INSERT INTO orders(Order_ID,Customer_ID,Product_ID,Quantity,Order_Date,Status) VALUES (377,184,251,16,'2024-01-12','Returned');
INSERT INTO orders(Order_ID,Customer_ID,Product_ID,Quantity,Order_Date,Status) VALUES (378,809,157,4,'2024-01-13','Shipped');
INSERT INTO orders(Order_ID,Customer_ID,Product_ID,Quantity,Order_Date,Status) VALUES (379,730,441,17,'2024-01-14','Returned');
INSERT INTO orders(Order_ID,Customer_ID,Product_ID,Quantity,Order_Date,Status) VALUES (380,296,491,17,'2024-01-15','Cancelled');
INSERT INTO orders(Order_ID,Customer_ID,Product_ID,Quantity,Order_Date,Status) VALUES (381,481,294,14,'2024-01-16','Returned');
INSERT INTO orders(Order_ID,Customer_ID,Product_ID,Quantity,Order_Date,Status) VALUES (382,239,322,3,'2024-01-17','Processing');
INSERT INTO orders(Order_ID,Customer_ID,Product_ID,Quantity,Order_Date,Status) VALUES (383,694,65,7,'2024-01-18','Delivered');
INSERT INTO orders(Order_ID,Customer_ID,Product_ID,Quantity,Order_Date,Status) VALUES (384,863,211,17,'2024-01-19','Shipped');
INSERT INTO orders(Order_ID,Customer_ID,Product_ID,Quantity,Order_Date,Status) VALUES (385,623,285,1,'2024-01-20','Processing');
INSERT INTO orders(Order_ID,Customer_ID,Product_ID,Quantity,Order_Date,Status) VALUES (386,791,314,7,'2024-01-21','Shipped');
INSERT INTO orders(Order_ID,Customer_ID,Product_ID,Quantity,Order_Date,Status) VALUES (387,96,471,2,'2024-01-22','Returned');
INSERT INTO orders(Order_ID,Customer_ID,Product_ID,Quantity,Order_Date,Status) VALUES (388,845,221,10,'2024-01-23','Cancelled');
INSERT INTO orders(Order_ID,Customer_ID,Product_ID,Quantity,Order_Date,Status) VALUES (389,660,312,18,'2024-01-24','Shipped');
INSERT INTO orders(Order_ID,Customer_ID,Product_ID,Quantity,Order_Date,Status) VALUES (390,390,431,8,'2024-01-25','Shipped');
INSERT INTO orders(Order_ID,Customer_ID,Product_ID,Quantity,Order_Date,Status) VALUES (391,740,44,16,'2024-01-26','Cancelled');
INSERT INTO orders(Order_ID,Customer_ID,Product_ID,Quantity,Order_Date,Status) VALUES (392,191,218,12,'2024-01-27','Processing');
INSERT INTO orders(Order_ID,Customer_ID,Product_ID,Quantity,Order_Date,Status) VALUES (393,390,52,7,'2024-01-28','Cancelled');
INSERT INTO orders(Order_ID,Customer_ID,Product_ID,Quantity,Order_Date,Status) VALUES (394,113,500,3,'2024-01-29','Processing');
INSERT INTO orders(Order_ID,Customer_ID,Product_ID,Quantity,Order_Date,Status) VALUES (395,754,231,3,'2024-01-30','Cancelled');
INSERT INTO orders(Order_ID,Customer_ID,Product_ID,Quantity,Order_Date,Status) VALUES (396,921,245,13,'2024-01-31','Shipped');
INSERT INTO orders(Order_ID,Customer_ID,Product_ID,Quantity,Order_Date,Status) VALUES (397,416,225,6,'2024-02-01','Cancelled');
INSERT INTO orders(Order_ID,Customer_ID,Product_ID,Quantity,Order_Date,Status) VALUES (398,406,173,2,'2024-02-02','Cancelled');
INSERT INTO orders(Order_ID,Customer_ID,Product_ID,Quantity,Order_Date,Status) VALUES (399,158,444,1,'2024-02-03','Shipped');
INSERT INTO orders(Order_ID,Customer_ID,Product_ID,Quantity,Order_Date,Status) VALUES (400,868,461,18,'2024-02-04','Processing');
INSERT INTO orders(Order_ID,Customer_ID,Product_ID,Quantity,Order_Date,Status) VALUES (401,10,379,3,'2024-02-05','Delivered');
INSERT INTO orders(Order_ID,Customer_ID,Product_ID,Quantity,Order_Date,Status) VALUES (402,498,366,13,'2024-02-06','Cancelled');
INSERT INTO orders(Order_ID,Customer_ID,Product_ID,Quantity,Order_Date,Status) VALUES (403,819,49,7,'2024-02-07','Shipped');
INSERT INTO orders(Order_ID,Customer_ID,Product_ID,Quantity,Order_Date,Status) VALUES (404,598,395,14,'2024-02-08','Cancelled');
INSERT INTO orders(Order_ID,Customer_ID,Product_ID,Quantity,Order_Date,Status) VALUES (405,700,190,10,'2024-02-09','Delivered');
INSERT INTO orders(Order_ID,Customer_ID,Product_ID,Quantity,Order_Date,Status) VALUES (406,768,429,6,'2024-02-10','Shipped');
INSERT INTO orders(Order_ID,Customer_ID,Product_ID,Quantity,Order_Date,Status) VALUES (407,332,407,17,'2024-02-11','Delivered');
INSERT INTO orders(Order_ID,Customer_ID,Product_ID,Quantity,Order_Date,Status) VALUES (408,558,108,14,'2024-02-12','Cancelled');
INSERT INTO orders(Order_ID,Customer_ID,Product_ID,Quantity,Order_Date,Status) VALUES (409,82,214,12,'2024-02-13','Shipped');
INSERT INTO orders(Order_ID,Customer_ID,Product_ID,Quantity,Order_Date,Status) VALUES (410,792,294,12,'2024-02-14','Shipped');
INSERT INTO orders(Order_ID,Customer_ID,Product_ID,Quantity,Order_Date,Status) VALUES (411,790,329,5,'2024-02-15','Returned');
INSERT INTO orders(Order_ID,Customer_ID,Product_ID,Quantity,Order_Date,Status) VALUES (412,538,60,9,'2024-02-16','Cancelled');
INSERT INTO orders(Order_ID,Customer_ID,Product_ID,Quantity,Order_Date,Status) VALUES (413,972,150,14,'2024-02-17','Returned');
INSERT INTO orders(Order_ID,Customer_ID,Product_ID,Quantity,Order_Date,Status) VALUES (414,423,472,2,'2024-02-18','Returned');
INSERT INTO orders(Order_ID,Customer_ID,Product_ID,Quantity,Order_Date,Status) VALUES (415,290,448,8,'2024-02-19','Cancelled');
INSERT INTO orders(Order_ID,Customer_ID,Product_ID,Quantity,Order_Date,Status) VALUES (416,489,247,3,'2024-02-20','Processing');
INSERT INTO orders(Order_ID,Customer_ID,Product_ID,Quantity,Order_Date,Status) VALUES (417,619,61,19,'2024-02-21','Processing');
INSERT INTO orders(Order_ID,Customer_ID,Product_ID,Quantity,Order_Date,Status) VALUES (418,215,265,16,'2024-02-22','Processing');
INSERT INTO orders(Order_ID,Customer_ID,Product_ID,Quantity,Order_Date,Status) VALUES (419,893,367,7,'2024-02-23','Shipped');
INSERT INTO orders(Order_ID,Customer_ID,Product_ID,Quantity,Order_Date,Status) VALUES (420,399,396,1,'2024-02-24','Cancelled');
INSERT INTO orders(Order_ID,Customer_ID,Product_ID,Quantity,Order_Date,Status) VALUES (421,235,216,13,'2024-02-25','Returned');
INSERT INTO orders(Order_ID,Customer_ID,Product_ID,Quantity,Order_Date,Status) VALUES (422,842,378,18,'2024-02-26','Shipped');
INSERT INTO orders(Order_ID,Customer_ID,Product_ID,Quantity,Order_Date,Status) VALUES (423,138,224,16,'2024-02-27','Cancelled');
INSERT INTO orders(Order_ID,Customer_ID,Product_ID,Quantity,Order_Date,Status) VALUES (424,34,9,12,'2024-02-28','Shipped');
INSERT INTO orders(Order_ID,Customer_ID,Product_ID,Quantity,Order_Date,Status) VALUES (425,311,20,5,'2024-02-29','Delivered');
INSERT INTO orders(Order_ID,Customer_ID,Product_ID,Quantity,Order_Date,Status) VALUES (426,981,416,1,'2024-03-01','Processing');
INSERT INTO orders(Order_ID,Customer_ID,Product_ID,Quantity,Order_Date,Status) VALUES (427,794,224,15,'2024-03-02','Delivered');
INSERT INTO orders(Order_ID,Customer_ID,Product_ID,Quantity,Order_Date,Status) VALUES (428,177,266,13,'2024-03-03','Delivered');
INSERT INTO orders(Order_ID,Customer_ID,Product_ID,Quantity,Order_Date,Status) VALUES (429,690,125,10,'2024-03-04','Cancelled');
INSERT INTO orders(Order_ID,Customer_ID,Product_ID,Quantity,Order_Date,Status) VALUES (430,37,296,17,'2024-03-05','Returned');
INSERT INTO orders(Order_ID,Customer_ID,Product_ID,Quantity,Order_Date,Status) VALUES (431,733,482,7,'2024-03-06','Delivered');
INSERT INTO orders(Order_ID,Customer_ID,Product_ID,Quantity,Order_Date,Status) VALUES (432,876,115,7,'2024-03-07','Delivered');
INSERT INTO orders(Order_ID,Customer_ID,Product_ID,Quantity,Order_Date,Status) VALUES (433,333,293,15,'2024-03-08','Shipped');
INSERT INTO orders(Order_ID,Customer_ID,Product_ID,Quantity,Order_Date,Status) VALUES (434,888,448,8,'2024-03-09','Cancelled');
INSERT INTO orders(Order_ID,Customer_ID,Product_ID,Quantity,Order_Date,Status) VALUES (435,455,449,13,'2024-03-10','Returned');
INSERT INTO orders(Order_ID,Customer_ID,Product_ID,Quantity,Order_Date,Status) VALUES (436,872,121,13,'2024-03-11','Processing');
INSERT INTO orders(Order_ID,Customer_ID,Product_ID,Quantity,Order_Date,Status) VALUES (437,150,60,11,'2024-03-12','Cancelled');
INSERT INTO orders(Order_ID,Customer_ID,Product_ID,Quantity,Order_Date,Status) VALUES (438,487,74,16,'2024-03-13','Returned');
INSERT INTO orders(Order_ID,Customer_ID,Product_ID,Quantity,Order_Date,Status) VALUES (439,792,498,4,'2024-03-14','Delivered');
INSERT INTO orders(Order_ID,Customer_ID,Product_ID,Quantity,Order_Date,Status) VALUES (440,852,183,8,'2024-03-15','Cancelled');
INSERT INTO orders(Order_ID,Customer_ID,Product_ID,Quantity,Order_Date,Status) VALUES (441,421,383,10,'2024-03-16','Shipped');
INSERT INTO orders(Order_ID,Customer_ID,Product_ID,Quantity,Order_Date,Status) VALUES (442,374,152,1,'2024-03-17','Cancelled');
INSERT INTO orders(Order_ID,Customer_ID,Product_ID,Quantity,Order_Date,Status) VALUES (443,769,227,14,'2024-03-18','Shipped');
INSERT INTO orders(Order_ID,Customer_ID,Product_ID,Quantity,Order_Date,Status) VALUES (444,416,319,15,'2024-03-19','Shipped');
INSERT INTO orders(Order_ID,Customer_ID,Product_ID,Quantity,Order_Date,Status) VALUES (445,752,99,3,'2024-03-20','Delivered');
INSERT INTO orders(Order_ID,Customer_ID,Product_ID,Quantity,Order_Date,Status) VALUES (446,77,205,5,'2024-03-21','Delivered');
INSERT INTO orders(Order_ID,Customer_ID,Product_ID,Quantity,Order_Date,Status) VALUES (447,977,458,11,'2024-03-22','Shipped');
INSERT INTO orders(Order_ID,Customer_ID,Product_ID,Quantity,Order_Date,Status) VALUES (448,97,256,14,'2024-03-23','Shipped');
INSERT INTO orders(Order_ID,Customer_ID,Product_ID,Quantity,Order_Date,Status) VALUES (449,397,362,2,'2024-03-24','Processing');
INSERT INTO orders(Order_ID,Customer_ID,Product_ID,Quantity,Order_Date,Status) VALUES (450,344,245,18,'2024-03-25','Processing');
INSERT INTO orders(Order_ID,Customer_ID,Product_ID,Quantity,Order_Date,Status) VALUES (451,212,110,10,'2024-03-26','Cancelled');
INSERT INTO orders(Order_ID,Customer_ID,Product_ID,Quantity,Order_Date,Status) VALUES (452,785,18,9,'2024-03-27','Shipped');
INSERT INTO orders(Order_ID,Customer_ID,Product_ID,Quantity,Order_Date,Status) VALUES (453,396,317,15,'2024-03-28','Shipped');
INSERT INTO orders(Order_ID,Customer_ID,Product_ID,Quantity,Order_Date,Status) VALUES (454,398,499,16,'2024-03-29','Cancelled');
INSERT INTO orders(Order_ID,Customer_ID,Product_ID,Quantity,Order_Date,Status) VALUES (455,243,469,8,'2024-03-30','Delivered');
INSERT INTO orders(Order_ID,Customer_ID,Product_ID,Quantity,Order_Date,Status) VALUES (456,368,453,5,'2024-03-31','Cancelled');
INSERT INTO orders(Order_ID,Customer_ID,Product_ID,Quantity,Order_Date,Status) VALUES (457,764,217,5,'2024-04-01','Returned');
INSERT INTO orders(Order_ID,Customer_ID,Product_ID,Quantity,Order_Date,Status) VALUES (458,844,464,17,'2024-04-02','Delivered');
INSERT INTO orders(Order_ID,Customer_ID,Product_ID,Quantity,Order_Date,Status) VALUES (459,126,170,4,'2024-04-03','Returned');
INSERT INTO orders(Order_ID,Customer_ID,Product_ID,Quantity,Order_Date,Status) VALUES (460,60,234,5,'2024-04-04','Cancelled');
INSERT INTO orders(Order_ID,Customer_ID,Product_ID,Quantity,Order_Date,Status) VALUES (461,357,423,16,'2024-04-05','Delivered');
INSERT INTO orders(Order_ID,Customer_ID,Product_ID,Quantity,Order_Date,Status) VALUES (462,277,405,10,'2024-04-06','Returned');
INSERT INTO orders(Order_ID,Customer_ID,Product_ID,Quantity,Order_Date,Status) VALUES (463,463,280,8,'2024-04-07','Cancelled');
INSERT INTO orders(Order_ID,Customer_ID,Product_ID,Quantity,Order_Date,Status) VALUES (464,859,134,10,'2024-04-08','Shipped');
INSERT INTO orders(Order_ID,Customer_ID,Product_ID,Quantity,Order_Date,Status) VALUES (465,927,52,13,'2024-04-09','Returned');
INSERT INTO orders(Order_ID,Customer_ID,Product_ID,Quantity,Order_Date,Status) VALUES (466,835,446,14,'2024-04-10','Shipped');
INSERT INTO orders(Order_ID,Customer_ID,Product_ID,Quantity,Order_Date,Status) VALUES (467,262,294,1,'2024-04-11','Shipped');
INSERT INTO orders(Order_ID,Customer_ID,Product_ID,Quantity,Order_Date,Status) VALUES (468,194,451,16,'2024-04-12','Processing');
INSERT INTO orders(Order_ID,Customer_ID,Product_ID,Quantity,Order_Date,Status) VALUES (469,1000,46,4,'2024-04-13','Delivered');
INSERT INTO orders(Order_ID,Customer_ID,Product_ID,Quantity,Order_Date,Status) VALUES (470,399,125,8,'2024-04-14','Returned');
INSERT INTO orders(Order_ID,Customer_ID,Product_ID,Quantity,Order_Date,Status) VALUES (471,544,118,2,'2024-04-15','Cancelled');
INSERT INTO orders(Order_ID,Customer_ID,Product_ID,Quantity,Order_Date,Status) VALUES (472,331,431,15,'2024-04-16','Shipped');
INSERT INTO orders(Order_ID,Customer_ID,Product_ID,Quantity,Order_Date,Status) VALUES (473,493,125,12,'2024-04-17','Cancelled');
INSERT INTO orders(Order_ID,Customer_ID,Product_ID,Quantity,Order_Date,Status) VALUES (474,349,7,10,'2024-04-18','Shipped');
INSERT INTO orders(Order_ID,Customer_ID,Product_ID,Quantity,Order_Date,Status) VALUES (475,150,43,19,'2024-04-19','Cancelled');
INSERT INTO orders(Order_ID,Customer_ID,Product_ID,Quantity,Order_Date,Status) VALUES (476,103,50,9,'2024-04-20','Returned');
INSERT INTO orders(Order_ID,Customer_ID,Product_ID,Quantity,Order_Date,Status) VALUES (477,538,13,1,'2024-04-21','Shipped');
INSERT INTO orders(Order_ID,Customer_ID,Product_ID,Quantity,Order_Date,Status) VALUES (478,614,430,10,'2024-04-22','Cancelled');
INSERT INTO orders(Order_ID,Customer_ID,Product_ID,Quantity,Order_Date,Status) VALUES (479,737,458,17,'2024-04-23','Cancelled');
INSERT INTO orders(Order_ID,Customer_ID,Product_ID,Quantity,Order_Date,Status) VALUES (480,677,223,19,'2024-04-24','Returned');
INSERT INTO orders(Order_ID,Customer_ID,Product_ID,Quantity,Order_Date,Status) VALUES (481,51,423,7,'2024-04-25','Delivered');
INSERT INTO orders(Order_ID,Customer_ID,Product_ID,Quantity,Order_Date,Status) VALUES (482,636,334,7,'2024-04-26','Cancelled');
INSERT INTO orders(Order_ID,Customer_ID,Product_ID,Quantity,Order_Date,Status) VALUES (483,955,315,11,'2024-04-27','Delivered');
INSERT INTO orders(Order_ID,Customer_ID,Product_ID,Quantity,Order_Date,Status) VALUES (484,728,289,9,'2024-04-28','Cancelled');
INSERT INTO orders(Order_ID,Customer_ID,Product_ID,Quantity,Order_Date,Status) VALUES (485,341,297,10,'2024-04-29','Processing');
INSERT INTO orders(Order_ID,Customer_ID,Product_ID,Quantity,Order_Date,Status) VALUES (486,888,362,4,'2024-04-30','Cancelled');
INSERT INTO orders(Order_ID,Customer_ID,Product_ID,Quantity,Order_Date,Status) VALUES (487,195,474,6,'2024-05-01','Processing');
INSERT INTO orders(Order_ID,Customer_ID,Product_ID,Quantity,Order_Date,Status) VALUES (488,130,210,16,'2024-05-02','Processing');
INSERT INTO orders(Order_ID,Customer_ID,Product_ID,Quantity,Order_Date,Status) VALUES (489,767,264,7,'2024-05-03','Shipped');
INSERT INTO orders(Order_ID,Customer_ID,Product_ID,Quantity,Order_Date,Status) VALUES (490,49,405,4,'2024-05-04','Delivered');
INSERT INTO orders(Order_ID,Customer_ID,Product_ID,Quantity,Order_Date,Status) VALUES (491,737,71,19,'2024-05-05','Cancelled');
INSERT INTO orders(Order_ID,Customer_ID,Product_ID,Quantity,Order_Date,Status) VALUES (492,978,319,3,'2024-05-06','Processing');
INSERT INTO orders(Order_ID,Customer_ID,Product_ID,Quantity,Order_Date,Status) VALUES (493,150,297,16,'2024-05-07','Processing');
INSERT INTO orders(Order_ID,Customer_ID,Product_ID,Quantity,Order_Date,Status) VALUES (494,569,300,2,'2024-05-08','Shipped');
INSERT INTO orders(Order_ID,Customer_ID,Product_ID,Quantity,Order_Date,Status) VALUES (495,571,339,18,'2024-05-09','Cancelled');
INSERT INTO orders(Order_ID,Customer_ID,Product_ID,Quantity,Order_Date,Status) VALUES (496,75,376,9,'2024-05-10','Cancelled');
INSERT INTO orders(Order_ID,Customer_ID,Product_ID,Quantity,Order_Date,Status) VALUES (497,766,121,18,'2024-05-11','Returned');
INSERT INTO orders(Order_ID,Customer_ID,Product_ID,Quantity,Order_Date,Status) VALUES (498,701,35,1,'2024-05-12','Cancelled');
INSERT INTO orders(Order_ID,Customer_ID,Product_ID,Quantity,Order_Date,Status) VALUES (499,456,132,1,'2024-05-13','Delivered');
INSERT INTO orders(Order_ID,Customer_ID,Product_ID,Quantity,Order_Date,Status) VALUES (500,990,159,2,'2024-05-14','Shipped');
INSERT INTO orders(Order_ID,Customer_ID,Product_ID,Quantity,Order_Date,Status) VALUES (501,507,67,14,'2024-05-15','Processing');
INSERT INTO orders(Order_ID,Customer_ID,Product_ID,Quantity,Order_Date,Status) VALUES (502,971,216,13,'2024-05-16','Shipped');
INSERT INTO orders(Order_ID,Customer_ID,Product_ID,Quantity,Order_Date,Status) VALUES (503,452,323,19,'2024-05-17','Shipped');
INSERT INTO orders(Order_ID,Customer_ID,Product_ID,Quantity,Order_Date,Status) VALUES (504,294,124,7,'2024-05-18','Shipped');
INSERT INTO orders(Order_ID,Customer_ID,Product_ID,Quantity,Order_Date,Status) VALUES (505,232,129,11,'2024-05-19','Delivered');
INSERT INTO orders(Order_ID,Customer_ID,Product_ID,Quantity,Order_Date,Status) VALUES (506,345,128,19,'2024-05-20','Processing');
INSERT INTO orders(Order_ID,Customer_ID,Product_ID,Quantity,Order_Date,Status) VALUES (507,952,483,13,'2024-05-21','Cancelled');
INSERT INTO orders(Order_ID,Customer_ID,Product_ID,Quantity,Order_Date,Status) VALUES (508,58,332,1,'2024-05-22','Returned');
INSERT INTO orders(Order_ID,Customer_ID,Product_ID,Quantity,Order_Date,Status) VALUES (509,62,234,4,'2024-05-23','Delivered');
INSERT INTO orders(Order_ID,Customer_ID,Product_ID,Quantity,Order_Date,Status) VALUES (510,525,152,3,'2024-05-24','Returned');
INSERT INTO orders(Order_ID,Customer_ID,Product_ID,Quantity,Order_Date,Status) VALUES (511,881,435,12,'2024-05-25','Cancelled');
INSERT INTO orders(Order_ID,Customer_ID,Product_ID,Quantity,Order_Date,Status) VALUES (512,138,241,16,'2024-05-26','Delivered');
INSERT INTO orders(Order_ID,Customer_ID,Product_ID,Quantity,Order_Date,Status) VALUES (513,238,26,15,'2024-05-27','Delivered');
INSERT INTO orders(Order_ID,Customer_ID,Product_ID,Quantity,Order_Date,Status) VALUES (514,865,102,11,'2024-05-28','Cancelled');
INSERT INTO orders(Order_ID,Customer_ID,Product_ID,Quantity,Order_Date,Status) VALUES (515,598,438,6,'2024-05-29','Processing');
INSERT INTO orders(Order_ID,Customer_ID,Product_ID,Quantity,Order_Date,Status) VALUES (516,87,414,11,'2024-05-30','Returned');
INSERT INTO orders(Order_ID,Customer_ID,Product_ID,Quantity,Order_Date,Status) VALUES (517,428,412,3,'2024-05-31','Processing');
INSERT INTO orders(Order_ID,Customer_ID,Product_ID,Quantity,Order_Date,Status) VALUES (518,793,221,14,'2024-06-01','Shipped');
INSERT INTO orders(Order_ID,Customer_ID,Product_ID,Quantity,Order_Date,Status) VALUES (519,596,435,6,'2024-06-02','Returned');
INSERT INTO orders(Order_ID,Customer_ID,Product_ID,Quantity,Order_Date,Status) VALUES (520,478,65,17,'2024-06-03','Shipped');
INSERT INTO orders(Order_ID,Customer_ID,Product_ID,Quantity,Order_Date,Status) VALUES (521,608,173,2,'2024-06-04','Delivered');
INSERT INTO orders(Order_ID,Customer_ID,Product_ID,Quantity,Order_Date,Status) VALUES (522,300,367,5,'2024-06-05','Cancelled');
INSERT INTO orders(Order_ID,Customer_ID,Product_ID,Quantity,Order_Date,Status) VALUES (523,995,290,1,'2024-06-06','Delivered');
INSERT INTO orders(Order_ID,Customer_ID,Product_ID,Quantity,Order_Date,Status) VALUES (524,616,193,3,'2024-06-07','Shipped');
INSERT INTO orders(Order_ID,Customer_ID,Product_ID,Quantity,Order_Date,Status) VALUES (525,846,362,13,'2024-06-08','Cancelled');
INSERT INTO orders(Order_ID,Customer_ID,Product_ID,Quantity,Order_Date,Status) VALUES (526,321,232,13,'2024-06-09','Shipped');
INSERT INTO orders(Order_ID,Customer_ID,Product_ID,Quantity,Order_Date,Status) VALUES (527,123,303,19,'2024-06-10','Delivered');
INSERT INTO orders(Order_ID,Customer_ID,Product_ID,Quantity,Order_Date,Status) VALUES (528,477,50,18,'2024-06-11','Delivered');
INSERT INTO orders(Order_ID,Customer_ID,Product_ID,Quantity,Order_Date,Status) VALUES (529,854,336,10,'2024-06-12','Processing');
INSERT INTO orders(Order_ID,Customer_ID,Product_ID,Quantity,Order_Date,Status) VALUES (530,54,481,13,'2024-06-13','Returned');
INSERT INTO orders(Order_ID,Customer_ID,Product_ID,Quantity,Order_Date,Status) VALUES (531,16,235,4,'2024-06-14','Cancelled');
INSERT INTO orders(Order_ID,Customer_ID,Product_ID,Quantity,Order_Date,Status) VALUES (532,514,96,8,'2024-06-15','Cancelled');
INSERT INTO orders(Order_ID,Customer_ID,Product_ID,Quantity,Order_Date,Status) VALUES (533,78,478,14,'2024-06-16','Delivered');
INSERT INTO orders(Order_ID,Customer_ID,Product_ID,Quantity,Order_Date,Status) VALUES (534,248,138,10,'2024-06-17','Processing');
INSERT INTO orders(Order_ID,Customer_ID,Product_ID,Quantity,Order_Date,Status) VALUES (535,930,37,14,'2024-06-18','Cancelled');
INSERT INTO orders(Order_ID,Customer_ID,Product_ID,Quantity,Order_Date,Status) VALUES (536,176,166,2,'2024-06-19','Processing');
INSERT INTO orders(Order_ID,Customer_ID,Product_ID,Quantity,Order_Date,Status) VALUES (537,256,491,16,'2024-06-20','Processing');
INSERT INTO orders(Order_ID,Customer_ID,Product_ID,Quantity,Order_Date,Status) VALUES (538,812,28,9,'2024-06-21','Delivered');
INSERT INTO orders(Order_ID,Customer_ID,Product_ID,Quantity,Order_Date,Status) VALUES (539,51,81,12,'2024-06-22','Cancelled');
INSERT INTO orders(Order_ID,Customer_ID,Product_ID,Quantity,Order_Date,Status) VALUES (540,993,268,9,'2024-06-23','Returned');
INSERT INTO orders(Order_ID,Customer_ID,Product_ID,Quantity,Order_Date,Status) VALUES (541,557,352,16,'2024-06-24','Cancelled');
INSERT INTO orders(Order_ID,Customer_ID,Product_ID,Quantity,Order_Date,Status) VALUES (542,638,146,2,'2024-06-25','Shipped');
INSERT INTO orders(Order_ID,Customer_ID,Product_ID,Quantity,Order_Date,Status) VALUES (543,458,296,10,'2024-06-26','Processing');
INSERT INTO orders(Order_ID,Customer_ID,Product_ID,Quantity,Order_Date,Status) VALUES (544,62,321,1,'2024-06-27','Processing');
INSERT INTO orders(Order_ID,Customer_ID,Product_ID,Quantity,Order_Date,Status) VALUES (545,518,228,19,'2024-06-28','Returned');
INSERT INTO orders(Order_ID,Customer_ID,Product_ID,Quantity,Order_Date,Status) VALUES (546,367,92,4,'2024-06-29','Processing');
INSERT INTO orders(Order_ID,Customer_ID,Product_ID,Quantity,Order_Date,Status) VALUES (547,370,407,4,'2024-06-30','Delivered');
INSERT INTO orders(Order_ID,Customer_ID,Product_ID,Quantity,Order_Date,Status) VALUES (548,973,181,4,'2024-07-01','Processing');
INSERT INTO orders(Order_ID,Customer_ID,Product_ID,Quantity,Order_Date,Status) VALUES (549,997,361,6,'2024-07-02','Cancelled');
INSERT INTO orders(Order_ID,Customer_ID,Product_ID,Quantity,Order_Date,Status) VALUES (550,795,305,2,'2024-07-03','Cancelled');
INSERT INTO orders(Order_ID,Customer_ID,Product_ID,Quantity,Order_Date,Status) VALUES (551,486,185,4,'2024-07-04','Cancelled');
INSERT INTO orders(Order_ID,Customer_ID,Product_ID,Quantity,Order_Date,Status) VALUES (552,874,21,1,'2024-07-05','Cancelled');
INSERT INTO orders(Order_ID,Customer_ID,Product_ID,Quantity,Order_Date,Status) VALUES (553,649,267,2,'2024-07-06','Cancelled');
INSERT INTO orders(Order_ID,Customer_ID,Product_ID,Quantity,Order_Date,Status) VALUES (554,783,51,6,'2024-07-07','Cancelled');
INSERT INTO orders(Order_ID,Customer_ID,Product_ID,Quantity,Order_Date,Status) VALUES (555,150,397,9,'2024-07-08','Processing');
INSERT INTO orders(Order_ID,Customer_ID,Product_ID,Quantity,Order_Date,Status) VALUES (556,843,367,9,'2024-07-09','Returned');
INSERT INTO orders(Order_ID,Customer_ID,Product_ID,Quantity,Order_Date,Status) VALUES (557,964,280,5,'2024-07-10','Shipped');
INSERT INTO orders(Order_ID,Customer_ID,Product_ID,Quantity,Order_Date,Status) VALUES (558,102,368,14,'2024-07-11','Returned');
INSERT INTO orders(Order_ID,Customer_ID,Product_ID,Quantity,Order_Date,Status) VALUES (559,911,60,15,'2024-07-12','Returned');
INSERT INTO orders(Order_ID,Customer_ID,Product_ID,Quantity,Order_Date,Status) VALUES (560,986,323,13,'2024-07-13','Shipped');
INSERT INTO orders(Order_ID,Customer_ID,Product_ID,Quantity,Order_Date,Status) VALUES (561,161,410,10,'2024-07-14','Returned');
INSERT INTO orders(Order_ID,Customer_ID,Product_ID,Quantity,Order_Date,Status) VALUES (562,341,138,14,'2024-07-15','Processing');
INSERT INTO orders(Order_ID,Customer_ID,Product_ID,Quantity,Order_Date,Status) VALUES (563,175,309,6,'2024-07-16','Shipped');
INSERT INTO orders(Order_ID,Customer_ID,Product_ID,Quantity,Order_Date,Status) VALUES (564,336,193,2,'2024-07-17','Shipped');
INSERT INTO orders(Order_ID,Customer_ID,Product_ID,Quantity,Order_Date,Status) VALUES (565,600,89,10,'2024-07-18','Processing');
INSERT INTO orders(Order_ID,Customer_ID,Product_ID,Quantity,Order_Date,Status) VALUES (566,729,393,11,'2024-07-19','Processing');
INSERT INTO orders(Order_ID,Customer_ID,Product_ID,Quantity,Order_Date,Status) VALUES (567,835,74,8,'2024-07-20','Processing');
INSERT INTO orders(Order_ID,Customer_ID,Product_ID,Quantity,Order_Date,Status) VALUES (568,860,219,18,'2024-07-21','Delivered');
INSERT INTO orders(Order_ID,Customer_ID,Product_ID,Quantity,Order_Date,Status) VALUES (569,919,490,1,'2024-07-22','Shipped');
INSERT INTO orders(Order_ID,Customer_ID,Product_ID,Quantity,Order_Date,Status) VALUES (570,528,492,14,'2024-07-23','Delivered');
INSERT INTO orders(Order_ID,Customer_ID,Product_ID,Quantity,Order_Date,Status) VALUES (571,291,362,6,'2024-07-24','Shipped');
INSERT INTO orders(Order_ID,Customer_ID,Product_ID,Quantity,Order_Date,Status) VALUES (572,628,317,1,'2024-07-25','Shipped');
INSERT INTO orders(Order_ID,Customer_ID,Product_ID,Quantity,Order_Date,Status) VALUES (573,226,145,13,'2024-07-26','Delivered');
INSERT INTO orders(Order_ID,Customer_ID,Product_ID,Quantity,Order_Date,Status) VALUES (574,554,98,9,'2024-07-27','Returned');
INSERT INTO orders(Order_ID,Customer_ID,Product_ID,Quantity,Order_Date,Status) VALUES (575,710,373,10,'2024-07-28','Returned');
INSERT INTO orders(Order_ID,Customer_ID,Product_ID,Quantity,Order_Date,Status) VALUES (576,259,28,5,'2024-07-29','Cancelled');
INSERT INTO orders(Order_ID,Customer_ID,Product_ID,Quantity,Order_Date,Status) VALUES (577,120,33,19,'2024-07-30','Delivered');
INSERT INTO orders(Order_ID,Customer_ID,Product_ID,Quantity,Order_Date,Status) VALUES (578,1000,188,4,'2024-07-31','Delivered');
INSERT INTO orders(Order_ID,Customer_ID,Product_ID,Quantity,Order_Date,Status) VALUES (579,953,164,10,'2024-08-01','Returned');
INSERT INTO orders(Order_ID,Customer_ID,Product_ID,Quantity,Order_Date,Status) VALUES (580,11,328,13,'2024-08-02','Delivered');
INSERT INTO orders(Order_ID,Customer_ID,Product_ID,Quantity,Order_Date,Status) VALUES (581,675,437,1,'2024-08-03','Cancelled');
INSERT INTO orders(Order_ID,Customer_ID,Product_ID,Quantity,Order_Date,Status) VALUES (582,358,198,15,'2024-08-04','Returned');
INSERT INTO orders(Order_ID,Customer_ID,Product_ID,Quantity,Order_Date,Status) VALUES (583,198,410,15,'2024-08-05','Returned');
INSERT INTO orders(Order_ID,Customer_ID,Product_ID,Quantity,Order_Date,Status) VALUES (584,158,470,13,'2024-08-06','Delivered');
INSERT INTO orders(Order_ID,Customer_ID,Product_ID,Quantity,Order_Date,Status) VALUES (585,647,444,18,'2024-08-07','Returned');
INSERT INTO orders(Order_ID,Customer_ID,Product_ID,Quantity,Order_Date,Status) VALUES (586,222,316,4,'2024-08-08','Cancelled');
INSERT INTO orders(Order_ID,Customer_ID,Product_ID,Quantity,Order_Date,Status) VALUES (587,300,168,2,'2024-08-09','Shipped');
INSERT INTO orders(Order_ID,Customer_ID,Product_ID,Quantity,Order_Date,Status) VALUES (588,849,500,8,'2024-08-10','Delivered');
INSERT INTO orders(Order_ID,Customer_ID,Product_ID,Quantity,Order_Date,Status) VALUES (589,749,49,17,'2024-08-11','Returned');
INSERT INTO orders(Order_ID,Customer_ID,Product_ID,Quantity,Order_Date,Status) VALUES (590,349,476,5,'2024-08-12','Returned');
INSERT INTO orders(Order_ID,Customer_ID,Product_ID,Quantity,Order_Date,Status) VALUES (591,75,348,6,'2024-08-13','Shipped');
INSERT INTO orders(Order_ID,Customer_ID,Product_ID,Quantity,Order_Date,Status) VALUES (592,415,433,17,'2024-08-14','Shipped');
INSERT INTO orders(Order_ID,Customer_ID,Product_ID,Quantity,Order_Date,Status) VALUES (593,322,368,4,'2024-08-15','Processing');
INSERT INTO orders(Order_ID,Customer_ID,Product_ID,Quantity,Order_Date,Status) VALUES (594,370,196,8,'2024-08-16','Returned');
INSERT INTO orders(Order_ID,Customer_ID,Product_ID,Quantity,Order_Date,Status) VALUES (595,109,260,11,'2024-08-17','Processing');
INSERT INTO orders(Order_ID,Customer_ID,Product_ID,Quantity,Order_Date,Status) VALUES (596,724,82,15,'2024-08-18','Shipped');
INSERT INTO orders(Order_ID,Customer_ID,Product_ID,Quantity,Order_Date,Status) VALUES (597,676,184,15,'2024-08-19','Processing');
INSERT INTO orders(Order_ID,Customer_ID,Product_ID,Quantity,Order_Date,Status) VALUES (598,595,386,10,'2024-08-20','Cancelled');
INSERT INTO orders(Order_ID,Customer_ID,Product_ID,Quantity,Order_Date,Status) VALUES (599,652,134,1,'2024-08-21','Returned');
INSERT INTO orders(Order_ID,Customer_ID,Product_ID,Quantity,Order_Date,Status) VALUES (600,240,417,2,'2024-08-22','Processing');
INSERT INTO orders(Order_ID,Customer_ID,Product_ID,Quantity,Order_Date,Status) VALUES (601,660,172,9,'2024-08-23','Cancelled');
INSERT INTO orders(Order_ID,Customer_ID,Product_ID,Quantity,Order_Date,Status) VALUES (602,92,269,8,'2024-08-24','Delivered');
INSERT INTO orders(Order_ID,Customer_ID,Product_ID,Quantity,Order_Date,Status) VALUES (603,653,146,13,'2024-08-25','Cancelled');
INSERT INTO orders(Order_ID,Customer_ID,Product_ID,Quantity,Order_Date,Status) VALUES (604,670,207,7,'2024-08-26','Shipped');
INSERT INTO orders(Order_ID,Customer_ID,Product_ID,Quantity,Order_Date,Status) VALUES (605,616,417,5,'2024-08-27','Shipped');
INSERT INTO orders(Order_ID,Customer_ID,Product_ID,Quantity,Order_Date,Status) VALUES (606,599,465,14,'2024-08-28','Returned');
INSERT INTO orders(Order_ID,Customer_ID,Product_ID,Quantity,Order_Date,Status) VALUES (607,571,127,16,'2024-08-29','Cancelled');
INSERT INTO orders(Order_ID,Customer_ID,Product_ID,Quantity,Order_Date,Status) VALUES (608,485,112,6,'2024-08-30','Delivered');
INSERT INTO orders(Order_ID,Customer_ID,Product_ID,Quantity,Order_Date,Status) VALUES (609,282,185,9,'2024-08-31','Processing');
INSERT INTO orders(Order_ID,Customer_ID,Product_ID,Quantity,Order_Date,Status) VALUES (610,108,265,9,'2024-09-01','Processing');
INSERT INTO orders(Order_ID,Customer_ID,Product_ID,Quantity,Order_Date,Status) VALUES (611,294,84,16,'2024-09-02','Shipped');
INSERT INTO orders(Order_ID,Customer_ID,Product_ID,Quantity,Order_Date,Status) VALUES (612,455,458,1,'2024-09-03','Cancelled');
INSERT INTO orders(Order_ID,Customer_ID,Product_ID,Quantity,Order_Date,Status) VALUES (613,411,43,8,'2024-09-04','Cancelled');
INSERT INTO orders(Order_ID,Customer_ID,Product_ID,Quantity,Order_Date,Status) VALUES (614,839,46,10,'2024-09-05','Shipped');
INSERT INTO orders(Order_ID,Customer_ID,Product_ID,Quantity,Order_Date,Status) VALUES (615,752,194,9,'2024-09-06','Processing');
INSERT INTO orders(Order_ID,Customer_ID,Product_ID,Quantity,Order_Date,Status) VALUES (616,693,189,5,'2024-09-07','Processing');
INSERT INTO orders(Order_ID,Customer_ID,Product_ID,Quantity,Order_Date,Status) VALUES (617,362,361,7,'2024-09-08','Delivered');
INSERT INTO orders(Order_ID,Customer_ID,Product_ID,Quantity,Order_Date,Status) VALUES (618,820,483,4,'2024-09-09','Cancelled');
INSERT INTO orders(Order_ID,Customer_ID,Product_ID,Quantity,Order_Date,Status) VALUES (619,522,444,10,'2024-09-10','Cancelled');
INSERT INTO orders(Order_ID,Customer_ID,Product_ID,Quantity,Order_Date,Status) VALUES (620,90,267,17,'2024-09-11','Returned');
INSERT INTO orders(Order_ID,Customer_ID,Product_ID,Quantity,Order_Date,Status) VALUES (621,264,198,2,'2024-09-12','Shipped');
INSERT INTO orders(Order_ID,Customer_ID,Product_ID,Quantity,Order_Date,Status) VALUES (622,395,438,8,'2024-09-13','Shipped');
INSERT INTO orders(Order_ID,Customer_ID,Product_ID,Quantity,Order_Date,Status) VALUES (623,585,401,14,'2024-09-14','Returned');
INSERT INTO orders(Order_ID,Customer_ID,Product_ID,Quantity,Order_Date,Status) VALUES (624,33,321,5,'2024-09-15','Processing');
INSERT INTO orders(Order_ID,Customer_ID,Product_ID,Quantity,Order_Date,Status) VALUES (625,337,407,9,'2024-09-16','Processing');
INSERT INTO orders(Order_ID,Customer_ID,Product_ID,Quantity,Order_Date,Status) VALUES (626,146,368,14,'2024-09-17','Delivered');
INSERT INTO orders(Order_ID,Customer_ID,Product_ID,Quantity,Order_Date,Status) VALUES (627,980,443,17,'2024-09-18','Delivered');
INSERT INTO orders(Order_ID,Customer_ID,Product_ID,Quantity,Order_Date,Status) VALUES (628,822,415,7,'2024-09-19','Delivered');
INSERT INTO orders(Order_ID,Customer_ID,Product_ID,Quantity,Order_Date,Status) VALUES (629,605,4,14,'2024-09-20','Shipped');
INSERT INTO orders(Order_ID,Customer_ID,Product_ID,Quantity,Order_Date,Status) VALUES (630,36,308,14,'2024-09-21','Shipped');
INSERT INTO orders(Order_ID,Customer_ID,Product_ID,Quantity,Order_Date,Status) VALUES (631,152,95,5,'2024-09-22','Processing');
INSERT INTO orders(Order_ID,Customer_ID,Product_ID,Quantity,Order_Date,Status) VALUES (632,995,399,7,'2024-09-23','Cancelled');
INSERT INTO orders(Order_ID,Customer_ID,Product_ID,Quantity,Order_Date,Status) VALUES (633,528,22,9,'2024-09-24','Delivered');
INSERT INTO orders(Order_ID,Customer_ID,Product_ID,Quantity,Order_Date,Status) VALUES (634,240,197,14,'2024-09-25','Cancelled');
INSERT INTO orders(Order_ID,Customer_ID,Product_ID,Quantity,Order_Date,Status) VALUES (635,918,315,9,'2024-09-26','Cancelled');
INSERT INTO orders(Order_ID,Customer_ID,Product_ID,Quantity,Order_Date,Status) VALUES (636,106,276,2,'2024-09-27','Cancelled');
INSERT INTO orders(Order_ID,Customer_ID,Product_ID,Quantity,Order_Date,Status) VALUES (637,515,183,7,'2024-09-28','Delivered');
INSERT INTO orders(Order_ID,Customer_ID,Product_ID,Quantity,Order_Date,Status) VALUES (638,497,209,6,'2024-09-29','Processing');
INSERT INTO orders(Order_ID,Customer_ID,Product_ID,Quantity,Order_Date,Status) VALUES (639,525,447,7,'2024-09-30','Processing');
INSERT INTO orders(Order_ID,Customer_ID,Product_ID,Quantity,Order_Date,Status) VALUES (640,223,21,14,'2024-10-01','Processing');
INSERT INTO orders(Order_ID,Customer_ID,Product_ID,Quantity,Order_Date,Status) VALUES (641,710,297,10,'2024-10-02','Cancelled');
INSERT INTO orders(Order_ID,Customer_ID,Product_ID,Quantity,Order_Date,Status) VALUES (642,916,189,7,'2024-10-03','Returned');
INSERT INTO orders(Order_ID,Customer_ID,Product_ID,Quantity,Order_Date,Status) VALUES (643,355,114,19,'2024-10-04','Returned');
INSERT INTO orders(Order_ID,Customer_ID,Product_ID,Quantity,Order_Date,Status) VALUES (644,938,196,8,'2024-10-05','Returned');
INSERT INTO orders(Order_ID,Customer_ID,Product_ID,Quantity,Order_Date,Status) VALUES (645,618,353,6,'2024-10-06','Delivered');
INSERT INTO orders(Order_ID,Customer_ID,Product_ID,Quantity,Order_Date,Status) VALUES (646,716,372,13,'2024-10-07','Processing');
INSERT INTO orders(Order_ID,Customer_ID,Product_ID,Quantity,Order_Date,Status) VALUES (647,276,304,7,'2024-10-08','Processing');
INSERT INTO orders(Order_ID,Customer_ID,Product_ID,Quantity,Order_Date,Status) VALUES (648,465,185,12,'2024-10-09','Shipped');
INSERT INTO orders(Order_ID,Customer_ID,Product_ID,Quantity,Order_Date,Status) VALUES (649,333,271,4,'2024-10-10','Returned');
INSERT INTO orders(Order_ID,Customer_ID,Product_ID,Quantity,Order_Date,Status) VALUES (650,303,308,12,'2024-10-11','Delivered');
INSERT INTO orders(Order_ID,Customer_ID,Product_ID,Quantity,Order_Date,Status) VALUES (651,295,298,4,'2024-10-12','Returned');
INSERT INTO orders(Order_ID,Customer_ID,Product_ID,Quantity,Order_Date,Status) VALUES (652,526,119,13,'2024-10-13','Cancelled');
INSERT INTO orders(Order_ID,Customer_ID,Product_ID,Quantity,Order_Date,Status) VALUES (653,892,355,8,'2024-10-14','Delivered');
INSERT INTO orders(Order_ID,Customer_ID,Product_ID,Quantity,Order_Date,Status) VALUES (654,550,195,12,'2024-10-15','Shipped');
INSERT INTO orders(Order_ID,Customer_ID,Product_ID,Quantity,Order_Date,Status) VALUES (655,334,15,18,'2024-10-16','Returned');
INSERT INTO orders(Order_ID,Customer_ID,Product_ID,Quantity,Order_Date,Status) VALUES (656,324,422,14,'2024-10-17','Returned');
INSERT INTO orders(Order_ID,Customer_ID,Product_ID,Quantity,Order_Date,Status) VALUES (657,813,476,5,'2024-10-18','Delivered');
INSERT INTO orders(Order_ID,Customer_ID,Product_ID,Quantity,Order_Date,Status) VALUES (658,492,473,12,'2024-10-19','Returned');
INSERT INTO orders(Order_ID,Customer_ID,Product_ID,Quantity,Order_Date,Status) VALUES (659,254,202,6,'2024-10-20','Cancelled');
INSERT INTO orders(Order_ID,Customer_ID,Product_ID,Quantity,Order_Date,Status) VALUES (660,194,476,3,'2024-10-21','Delivered');
INSERT INTO orders(Order_ID,Customer_ID,Product_ID,Quantity,Order_Date,Status) VALUES (661,740,152,16,'2024-10-22','Cancelled');
INSERT INTO orders(Order_ID,Customer_ID,Product_ID,Quantity,Order_Date,Status) VALUES (662,274,478,3,'2024-10-23','Delivered');
INSERT INTO orders(Order_ID,Customer_ID,Product_ID,Quantity,Order_Date,Status) VALUES (663,291,268,11,'2024-10-24','Cancelled');
INSERT INTO orders(Order_ID,Customer_ID,Product_ID,Quantity,Order_Date,Status) VALUES (664,79,56,10,'2024-10-25','Shipped');
INSERT INTO orders(Order_ID,Customer_ID,Product_ID,Quantity,Order_Date,Status) VALUES (665,664,122,12,'2024-10-26','Delivered');
INSERT INTO orders(Order_ID,Customer_ID,Product_ID,Quantity,Order_Date,Status) VALUES (666,634,92,18,'2024-10-27','Delivered');
INSERT INTO orders(Order_ID,Customer_ID,Product_ID,Quantity,Order_Date,Status) VALUES (667,27,31,5,'2024-10-28','Cancelled');
INSERT INTO orders(Order_ID,Customer_ID,Product_ID,Quantity,Order_Date,Status) VALUES (668,590,352,10,'2024-10-29','Processing');
INSERT INTO orders(Order_ID,Customer_ID,Product_ID,Quantity,Order_Date,Status) VALUES (669,864,287,5,'2024-10-30','Shipped');
INSERT INTO orders(Order_ID,Customer_ID,Product_ID,Quantity,Order_Date,Status) VALUES (670,400,353,18,'2024-10-31','Processing');
INSERT INTO orders(Order_ID,Customer_ID,Product_ID,Quantity,Order_Date,Status) VALUES (671,17,236,13,'2024-11-01','Shipped');
INSERT INTO orders(Order_ID,Customer_ID,Product_ID,Quantity,Order_Date,Status) VALUES (672,681,493,6,'2024-11-02','Delivered');
INSERT INTO orders(Order_ID,Customer_ID,Product_ID,Quantity,Order_Date,Status) VALUES (673,702,128,2,'2024-11-03','Cancelled');
INSERT INTO orders(Order_ID,Customer_ID,Product_ID,Quantity,Order_Date,Status) VALUES (674,892,278,14,'2024-11-04','Shipped');
INSERT INTO orders(Order_ID,Customer_ID,Product_ID,Quantity,Order_Date,Status) VALUES (675,846,334,7,'2024-11-05','Processing');
INSERT INTO orders(Order_ID,Customer_ID,Product_ID,Quantity,Order_Date,Status) VALUES (676,653,488,17,'2024-11-06','Returned');
INSERT INTO orders(Order_ID,Customer_ID,Product_ID,Quantity,Order_Date,Status) VALUES (677,800,78,1,'2024-11-07','Returned');
INSERT INTO orders(Order_ID,Customer_ID,Product_ID,Quantity,Order_Date,Status) VALUES (678,987,101,17,'2024-11-08','Shipped');
INSERT INTO orders(Order_ID,Customer_ID,Product_ID,Quantity,Order_Date,Status) VALUES (679,5,256,6,'2024-11-09','Shipped');
INSERT INTO orders(Order_ID,Customer_ID,Product_ID,Quantity,Order_Date,Status) VALUES (680,111,212,18,'2024-11-10','Processing');
INSERT INTO orders(Order_ID,Customer_ID,Product_ID,Quantity,Order_Date,Status) VALUES (681,214,124,15,'2024-11-11','Cancelled');
INSERT INTO orders(Order_ID,Customer_ID,Product_ID,Quantity,Order_Date,Status) VALUES (682,558,446,5,'2024-11-12','Shipped');
INSERT INTO orders(Order_ID,Customer_ID,Product_ID,Quantity,Order_Date,Status) VALUES (683,780,358,18,'2024-11-13','Delivered');
INSERT INTO orders(Order_ID,Customer_ID,Product_ID,Quantity,Order_Date,Status) VALUES (684,586,445,8,'2024-11-14','Shipped');
INSERT INTO orders(Order_ID,Customer_ID,Product_ID,Quantity,Order_Date,Status) VALUES (685,29,168,18,'2024-11-15','Cancelled');
INSERT INTO orders(Order_ID,Customer_ID,Product_ID,Quantity,Order_Date,Status) VALUES (686,328,463,9,'2024-11-16','Returned');
INSERT INTO orders(Order_ID,Customer_ID,Product_ID,Quantity,Order_Date,Status) VALUES (687,164,244,6,'2024-11-17','Shipped');
INSERT INTO orders(Order_ID,Customer_ID,Product_ID,Quantity,Order_Date,Status) VALUES (688,283,460,16,'2024-11-18','Shipped');
INSERT INTO orders(Order_ID,Customer_ID,Product_ID,Quantity,Order_Date,Status) VALUES (689,853,99,14,'2024-11-19','Returned');
INSERT INTO orders(Order_ID,Customer_ID,Product_ID,Quantity,Order_Date,Status) VALUES (690,54,386,4,'2024-11-20','Cancelled');
INSERT INTO orders(Order_ID,Customer_ID,Product_ID,Quantity,Order_Date,Status) VALUES (691,151,262,17,'2024-11-21','Cancelled');
INSERT INTO orders(Order_ID,Customer_ID,Product_ID,Quantity,Order_Date,Status) VALUES (692,791,413,13,'2024-11-22','Returned');
INSERT INTO orders(Order_ID,Customer_ID,Product_ID,Quantity,Order_Date,Status) VALUES (693,737,330,3,'2024-11-23','Delivered');
INSERT INTO orders(Order_ID,Customer_ID,Product_ID,Quantity,Order_Date,Status) VALUES (694,981,184,4,'2024-11-24','Processing');
INSERT INTO orders(Order_ID,Customer_ID,Product_ID,Quantity,Order_Date,Status) VALUES (695,427,42,16,'2024-11-25','Returned');
INSERT INTO orders(Order_ID,Customer_ID,Product_ID,Quantity,Order_Date,Status) VALUES (696,872,233,16,'2024-11-26','Cancelled');
INSERT INTO orders(Order_ID,Customer_ID,Product_ID,Quantity,Order_Date,Status) VALUES (697,355,128,7,'2024-11-27','Delivered');
INSERT INTO orders(Order_ID,Customer_ID,Product_ID,Quantity,Order_Date,Status) VALUES (698,973,267,19,'2024-11-28','Shipped');
INSERT INTO orders(Order_ID,Customer_ID,Product_ID,Quantity,Order_Date,Status) VALUES (699,424,112,5,'2024-11-29','Delivered');
INSERT INTO orders(Order_ID,Customer_ID,Product_ID,Quantity,Order_Date,Status) VALUES (700,429,296,19,'2024-11-30','Cancelled');
INSERT INTO orders(Order_ID,Customer_ID,Product_ID,Quantity,Order_Date,Status) VALUES (701,778,308,7,'2024-12-01','Returned');
INSERT INTO orders(Order_ID,Customer_ID,Product_ID,Quantity,Order_Date,Status) VALUES (702,836,121,3,'2024-12-02','Processing');
INSERT INTO orders(Order_ID,Customer_ID,Product_ID,Quantity,Order_Date,Status) VALUES (703,544,82,15,'2024-12-03','Cancelled');
INSERT INTO orders(Order_ID,Customer_ID,Product_ID,Quantity,Order_Date,Status) VALUES (704,726,71,18,'2024-12-04','Processing');
INSERT INTO orders(Order_ID,Customer_ID,Product_ID,Quantity,Order_Date,Status) VALUES (705,712,293,9,'2024-12-05','Shipped');
INSERT INTO orders(Order_ID,Customer_ID,Product_ID,Quantity,Order_Date,Status) VALUES (706,36,447,12,'2024-12-06','Returned');
INSERT INTO orders(Order_ID,Customer_ID,Product_ID,Quantity,Order_Date,Status) VALUES (707,942,244,19,'2024-12-07','Returned');
INSERT INTO orders(Order_ID,Customer_ID,Product_ID,Quantity,Order_Date,Status) VALUES (708,932,293,14,'2024-12-08','Cancelled');
INSERT INTO orders(Order_ID,Customer_ID,Product_ID,Quantity,Order_Date,Status) VALUES (709,647,385,19,'2024-12-09','Delivered');
INSERT INTO orders(Order_ID,Customer_ID,Product_ID,Quantity,Order_Date,Status) VALUES (710,600,128,6,'2024-12-10','Shipped');
INSERT INTO orders(Order_ID,Customer_ID,Product_ID,Quantity,Order_Date,Status) VALUES (711,179,283,1,'2024-12-11','Processing');
INSERT INTO orders(Order_ID,Customer_ID,Product_ID,Quantity,Order_Date,Status) VALUES (712,646,424,16,'2024-12-12','Returned');
INSERT INTO orders(Order_ID,Customer_ID,Product_ID,Quantity,Order_Date,Status) VALUES (713,529,142,8,'2024-12-13','Delivered');
INSERT INTO orders(Order_ID,Customer_ID,Product_ID,Quantity,Order_Date,Status) VALUES (714,677,167,7,'2024-12-14','Delivered');
INSERT INTO orders(Order_ID,Customer_ID,Product_ID,Quantity,Order_Date,Status) VALUES (715,655,470,13,'2024-12-15','Shipped');
INSERT INTO orders(Order_ID,Customer_ID,Product_ID,Quantity,Order_Date,Status) VALUES (716,85,289,13,'2024-12-16','Returned');
INSERT INTO orders(Order_ID,Customer_ID,Product_ID,Quantity,Order_Date,Status) VALUES (717,396,90,16,'2024-12-17','Cancelled');
INSERT INTO orders(Order_ID,Customer_ID,Product_ID,Quantity,Order_Date,Status) VALUES (718,383,216,8,'2024-12-18','Returned');
INSERT INTO orders(Order_ID,Customer_ID,Product_ID,Quantity,Order_Date,Status) VALUES (719,148,243,7,'2024-12-19','Shipped');
INSERT INTO orders(Order_ID,Customer_ID,Product_ID,Quantity,Order_Date,Status) VALUES (720,403,305,17,'2024-12-20','Shipped');
INSERT INTO orders(Order_ID,Customer_ID,Product_ID,Quantity,Order_Date,Status) VALUES (721,9,47,16,'2024-12-21','Delivered');
INSERT INTO orders(Order_ID,Customer_ID,Product_ID,Quantity,Order_Date,Status) VALUES (722,722,494,6,'2024-12-22','Cancelled');
INSERT INTO orders(Order_ID,Customer_ID,Product_ID,Quantity,Order_Date,Status) VALUES (723,868,316,17,'2024-12-23','Delivered');
INSERT INTO orders(Order_ID,Customer_ID,Product_ID,Quantity,Order_Date,Status) VALUES (724,119,438,2,'2024-12-24','Cancelled');
INSERT INTO orders(Order_ID,Customer_ID,Product_ID,Quantity,Order_Date,Status) VALUES (725,801,343,14,'2024-12-25','Shipped');
INSERT INTO orders(Order_ID,Customer_ID,Product_ID,Quantity,Order_Date,Status) VALUES (726,429,456,6,'2024-12-26','Delivered');
INSERT INTO orders(Order_ID,Customer_ID,Product_ID,Quantity,Order_Date,Status) VALUES (727,313,40,12,'2024-12-27','Processing');
INSERT INTO orders(Order_ID,Customer_ID,Product_ID,Quantity,Order_Date,Status) VALUES (728,585,118,12,'2024-12-28','Cancelled');
INSERT INTO orders(Order_ID,Customer_ID,Product_ID,Quantity,Order_Date,Status) VALUES (729,124,394,3,'2024-12-29','Returned');
INSERT INTO orders(Order_ID,Customer_ID,Product_ID,Quantity,Order_Date,Status) VALUES (730,817,233,13,'2024-12-30','Delivered');
INSERT INTO orders(Order_ID,Customer_ID,Product_ID,Quantity,Order_Date,Status) VALUES (731,767,342,9,'2024-12-31','Cancelled');
INSERT INTO orders(Order_ID,Customer_ID,Product_ID,Quantity,Order_Date,Status) VALUES (732,242,84,14,'2025-01-01','Delivered');
INSERT INTO orders(Order_ID,Customer_ID,Product_ID,Quantity,Order_Date,Status) VALUES (733,995,461,15,'2025-01-02','Processing');
INSERT INTO orders(Order_ID,Customer_ID,Product_ID,Quantity,Order_Date,Status) VALUES (734,902,212,15,'2025-01-03','Delivered');
INSERT INTO orders(Order_ID,Customer_ID,Product_ID,Quantity,Order_Date,Status) VALUES (735,355,497,12,'2025-01-04','Delivered');
INSERT INTO orders(Order_ID,Customer_ID,Product_ID,Quantity,Order_Date,Status) VALUES (736,433,198,7,'2025-01-05','Delivered');
INSERT INTO orders(Order_ID,Customer_ID,Product_ID,Quantity,Order_Date,Status) VALUES (737,824,407,2,'2025-01-06','Cancelled');
INSERT INTO orders(Order_ID,Customer_ID,Product_ID,Quantity,Order_Date,Status) VALUES (738,996,177,12,'2025-01-07','Processing');
INSERT INTO orders(Order_ID,Customer_ID,Product_ID,Quantity,Order_Date,Status) VALUES (739,113,411,6,'2025-01-08','Cancelled');
INSERT INTO orders(Order_ID,Customer_ID,Product_ID,Quantity,Order_Date,Status) VALUES (740,469,2,9,'2025-01-09','Processing');
INSERT INTO orders(Order_ID,Customer_ID,Product_ID,Quantity,Order_Date,Status) VALUES (741,456,55,5,'2025-01-10','Processing');
INSERT INTO orders(Order_ID,Customer_ID,Product_ID,Quantity,Order_Date,Status) VALUES (742,763,145,16,'2025-01-11','Shipped');
INSERT INTO orders(Order_ID,Customer_ID,Product_ID,Quantity,Order_Date,Status) VALUES (743,663,274,13,'2025-01-12','Processing');
INSERT INTO orders(Order_ID,Customer_ID,Product_ID,Quantity,Order_Date,Status) VALUES (744,278,190,16,'2025-01-13','Delivered');
INSERT INTO orders(Order_ID,Customer_ID,Product_ID,Quantity,Order_Date,Status) VALUES (745,659,258,1,'2025-01-14','Processing');
INSERT INTO orders(Order_ID,Customer_ID,Product_ID,Quantity,Order_Date,Status) VALUES (746,89,465,17,'2025-01-15','Returned');
INSERT INTO orders(Order_ID,Customer_ID,Product_ID,Quantity,Order_Date,Status) VALUES (747,56,45,9,'2025-01-16','Processing');
INSERT INTO orders(Order_ID,Customer_ID,Product_ID,Quantity,Order_Date,Status) VALUES (748,348,163,16,'2025-01-17','Processing');
INSERT INTO orders(Order_ID,Customer_ID,Product_ID,Quantity,Order_Date,Status) VALUES (749,9,201,14,'2025-01-18','Returned');
INSERT INTO orders(Order_ID,Customer_ID,Product_ID,Quantity,Order_Date,Status) VALUES (750,470,420,10,'2025-01-19','Processing');
INSERT INTO orders(Order_ID,Customer_ID,Product_ID,Quantity,Order_Date,Status) VALUES (751,220,477,11,'2025-01-20','Delivered');
INSERT INTO orders(Order_ID,Customer_ID,Product_ID,Quantity,Order_Date,Status) VALUES (752,472,433,16,'2025-01-21','Delivered');
INSERT INTO orders(Order_ID,Customer_ID,Product_ID,Quantity,Order_Date,Status) VALUES (753,617,420,2,'2025-01-22','Returned');
INSERT INTO orders(Order_ID,Customer_ID,Product_ID,Quantity,Order_Date,Status) VALUES (754,313,432,12,'2025-01-23','Processing');
INSERT INTO orders(Order_ID,Customer_ID,Product_ID,Quantity,Order_Date,Status) VALUES (755,902,119,7,'2025-01-24','Shipped');
INSERT INTO orders(Order_ID,Customer_ID,Product_ID,Quantity,Order_Date,Status) VALUES (756,632,154,5,'2025-01-25','Cancelled');
INSERT INTO orders(Order_ID,Customer_ID,Product_ID,Quantity,Order_Date,Status) VALUES (757,163,428,18,'2025-01-26','Delivered');
INSERT INTO orders(Order_ID,Customer_ID,Product_ID,Quantity,Order_Date,Status) VALUES (758,537,397,1,'2025-01-27','Processing');
INSERT INTO orders(Order_ID,Customer_ID,Product_ID,Quantity,Order_Date,Status) VALUES (759,748,430,15,'2025-01-28','Delivered');
INSERT INTO orders(Order_ID,Customer_ID,Product_ID,Quantity,Order_Date,Status) VALUES (760,229,380,4,'2025-01-29','Shipped');
INSERT INTO orders(Order_ID,Customer_ID,Product_ID,Quantity,Order_Date,Status) VALUES (761,794,68,10,'2025-01-30','Processing');
INSERT INTO orders(Order_ID,Customer_ID,Product_ID,Quantity,Order_Date,Status) VALUES (762,968,8,18,'2025-01-31','Processing');
INSERT INTO orders(Order_ID,Customer_ID,Product_ID,Quantity,Order_Date,Status) VALUES (763,462,152,4,'2025-02-01','Cancelled');
INSERT INTO orders(Order_ID,Customer_ID,Product_ID,Quantity,Order_Date,Status) VALUES (764,585,261,13,'2025-02-02','Cancelled');
INSERT INTO orders(Order_ID,Customer_ID,Product_ID,Quantity,Order_Date,Status) VALUES (765,432,61,14,'2025-02-03','Shipped');
INSERT INTO orders(Order_ID,Customer_ID,Product_ID,Quantity,Order_Date,Status) VALUES (766,360,343,13,'2025-02-04','Cancelled');
INSERT INTO orders(Order_ID,Customer_ID,Product_ID,Quantity,Order_Date,Status) VALUES (767,414,407,4,'2025-02-05','Shipped');
INSERT INTO orders(Order_ID,Customer_ID,Product_ID,Quantity,Order_Date,Status) VALUES (768,56,404,10,'2025-02-06','Cancelled');
INSERT INTO orders(Order_ID,Customer_ID,Product_ID,Quantity,Order_Date,Status) VALUES (769,352,466,4,'2025-02-07','Delivered');
INSERT INTO orders(Order_ID,Customer_ID,Product_ID,Quantity,Order_Date,Status) VALUES (770,736,223,1,'2025-02-08','Delivered');
INSERT INTO orders(Order_ID,Customer_ID,Product_ID,Quantity,Order_Date,Status) VALUES (771,578,427,15,'2025-02-09','Returned');
INSERT INTO orders(Order_ID,Customer_ID,Product_ID,Quantity,Order_Date,Status) VALUES (772,900,34,12,'2025-02-10','Delivered');
INSERT INTO orders(Order_ID,Customer_ID,Product_ID,Quantity,Order_Date,Status) VALUES (773,459,489,14,'2025-02-11','Cancelled');
INSERT INTO orders(Order_ID,Customer_ID,Product_ID,Quantity,Order_Date,Status) VALUES (774,398,246,17,'2025-02-12','Delivered');
INSERT INTO orders(Order_ID,Customer_ID,Product_ID,Quantity,Order_Date,Status) VALUES (775,767,311,12,'2025-02-13','Shipped');
INSERT INTO orders(Order_ID,Customer_ID,Product_ID,Quantity,Order_Date,Status) VALUES (776,225,191,5,'2025-02-14','Processing');
INSERT INTO orders(Order_ID,Customer_ID,Product_ID,Quantity,Order_Date,Status) VALUES (777,257,387,16,'2025-02-15','Cancelled');
INSERT INTO orders(Order_ID,Customer_ID,Product_ID,Quantity,Order_Date,Status) VALUES (778,724,121,6,'2025-02-16','Returned');
INSERT INTO orders(Order_ID,Customer_ID,Product_ID,Quantity,Order_Date,Status) VALUES (779,730,26,15,'2025-02-17','Shipped');
INSERT INTO orders(Order_ID,Customer_ID,Product_ID,Quantity,Order_Date,Status) VALUES (780,694,14,11,'2025-02-18','Returned');
INSERT INTO orders(Order_ID,Customer_ID,Product_ID,Quantity,Order_Date,Status) VALUES (781,587,88,15,'2025-02-19','Delivered');
INSERT INTO orders(Order_ID,Customer_ID,Product_ID,Quantity,Order_Date,Status) VALUES (782,466,263,3,'2025-02-20','Delivered');
INSERT INTO orders(Order_ID,Customer_ID,Product_ID,Quantity,Order_Date,Status) VALUES (783,301,37,3,'2025-02-21','Returned');
INSERT INTO orders(Order_ID,Customer_ID,Product_ID,Quantity,Order_Date,Status) VALUES (784,813,238,4,'2025-02-22','Shipped');
INSERT INTO orders(Order_ID,Customer_ID,Product_ID,Quantity,Order_Date,Status) VALUES (785,635,367,9,'2025-02-23','Returned');
INSERT INTO orders(Order_ID,Customer_ID,Product_ID,Quantity,Order_Date,Status) VALUES (786,714,424,6,'2025-02-24','Shipped');
INSERT INTO orders(Order_ID,Customer_ID,Product_ID,Quantity,Order_Date,Status) VALUES (787,928,122,2,'2025-02-25','Processing');
INSERT INTO orders(Order_ID,Customer_ID,Product_ID,Quantity,Order_Date,Status) VALUES (788,628,99,14,'2025-02-26','Delivered');
INSERT INTO orders(Order_ID,Customer_ID,Product_ID,Quantity,Order_Date,Status) VALUES (789,426,410,7,'2025-02-27','Cancelled');
INSERT INTO orders(Order_ID,Customer_ID,Product_ID,Quantity,Order_Date,Status) VALUES (790,856,499,18,'2025-02-28','Processing');
INSERT INTO orders(Order_ID,Customer_ID,Product_ID,Quantity,Order_Date,Status) VALUES (791,169,61,2,'2025-03-01','Delivered');
INSERT INTO orders(Order_ID,Customer_ID,Product_ID,Quantity,Order_Date,Status) VALUES (792,113,500,10,'2025-03-02','Processing');
INSERT INTO orders(Order_ID,Customer_ID,Product_ID,Quantity,Order_Date,Status) VALUES (793,761,63,16,'2025-03-03','Processing');
INSERT INTO orders(Order_ID,Customer_ID,Product_ID,Quantity,Order_Date,Status) VALUES (794,741,359,3,'2025-03-04','Returned');
INSERT INTO orders(Order_ID,Customer_ID,Product_ID,Quantity,Order_Date,Status) VALUES (795,872,143,2,'2025-03-05','Processing');
INSERT INTO orders(Order_ID,Customer_ID,Product_ID,Quantity,Order_Date,Status) VALUES (796,324,71,7,'2025-03-06','Shipped');
INSERT INTO orders(Order_ID,Customer_ID,Product_ID,Quantity,Order_Date,Status) VALUES (797,742,269,4,'2025-03-07','Shipped');
INSERT INTO orders(Order_ID,Customer_ID,Product_ID,Quantity,Order_Date,Status) VALUES (798,399,442,19,'2025-03-08','Returned');
INSERT INTO orders(Order_ID,Customer_ID,Product_ID,Quantity,Order_Date,Status) VALUES (799,201,166,5,'2025-03-09','Cancelled');
INSERT INTO orders(Order_ID,Customer_ID,Product_ID,Quantity,Order_Date,Status) VALUES (800,179,246,16,'2025-03-10','Delivered');
INSERT INTO orders(Order_ID,Customer_ID,Product_ID,Quantity,Order_Date,Status) VALUES (801,192,41,4,'2025-03-11','Processing');
INSERT INTO orders(Order_ID,Customer_ID,Product_ID,Quantity,Order_Date,Status) VALUES (802,297,357,15,'2025-03-12','Returned');
INSERT INTO orders(Order_ID,Customer_ID,Product_ID,Quantity,Order_Date,Status) VALUES (803,974,138,13,'2025-03-13','Delivered');
INSERT INTO orders(Order_ID,Customer_ID,Product_ID,Quantity,Order_Date,Status) VALUES (804,597,158,8,'2025-03-14','Shipped');
INSERT INTO orders(Order_ID,Customer_ID,Product_ID,Quantity,Order_Date,Status) VALUES (805,643,161,19,'2025-03-15','Cancelled');
INSERT INTO orders(Order_ID,Customer_ID,Product_ID,Quantity,Order_Date,Status) VALUES (806,813,212,6,'2025-03-16','Returned');
INSERT INTO orders(Order_ID,Customer_ID,Product_ID,Quantity,Order_Date,Status) VALUES (807,220,247,19,'2025-03-17','Shipped');
INSERT INTO orders(Order_ID,Customer_ID,Product_ID,Quantity,Order_Date,Status) VALUES (808,599,111,19,'2025-03-18','Shipped');
INSERT INTO orders(Order_ID,Customer_ID,Product_ID,Quantity,Order_Date,Status) VALUES (809,766,235,8,'2025-03-19','Processing');
INSERT INTO orders(Order_ID,Customer_ID,Product_ID,Quantity,Order_Date,Status) VALUES (810,351,55,10,'2025-03-20','Returned');
INSERT INTO orders(Order_ID,Customer_ID,Product_ID,Quantity,Order_Date,Status) VALUES (811,279,337,4,'2025-03-21','Delivered');
INSERT INTO orders(Order_ID,Customer_ID,Product_ID,Quantity,Order_Date,Status) VALUES (812,921,161,15,'2025-03-22','Delivered');
INSERT INTO orders(Order_ID,Customer_ID,Product_ID,Quantity,Order_Date,Status) VALUES (813,677,200,5,'2025-03-23','Processing');
INSERT INTO orders(Order_ID,Customer_ID,Product_ID,Quantity,Order_Date,Status) VALUES (814,734,177,7,'2025-03-24','Cancelled');
INSERT INTO orders(Order_ID,Customer_ID,Product_ID,Quantity,Order_Date,Status) VALUES (815,905,172,5,'2025-03-25','Returned');
INSERT INTO orders(Order_ID,Customer_ID,Product_ID,Quantity,Order_Date,Status) VALUES (816,569,225,10,'2025-03-26','Processing');
INSERT INTO orders(Order_ID,Customer_ID,Product_ID,Quantity,Order_Date,Status) VALUES (817,176,77,14,'2025-03-27','Processing');
INSERT INTO orders(Order_ID,Customer_ID,Product_ID,Quantity,Order_Date,Status) VALUES (818,561,468,18,'2025-03-28','Cancelled');
INSERT INTO orders(Order_ID,Customer_ID,Product_ID,Quantity,Order_Date,Status) VALUES (819,65,180,11,'2025-03-29','Shipped');
INSERT INTO orders(Order_ID,Customer_ID,Product_ID,Quantity,Order_Date,Status) VALUES (820,1000,53,17,'2025-03-30','Returned');
INSERT INTO orders(Order_ID,Customer_ID,Product_ID,Quantity,Order_Date,Status) VALUES (821,849,367,14,'2025-03-31','Delivered');
INSERT INTO orders(Order_ID,Customer_ID,Product_ID,Quantity,Order_Date,Status) VALUES (822,48,62,4,'2025-04-01','Delivered');
INSERT INTO orders(Order_ID,Customer_ID,Product_ID,Quantity,Order_Date,Status) VALUES (823,229,419,4,'2025-04-02','Cancelled');
INSERT INTO orders(Order_ID,Customer_ID,Product_ID,Quantity,Order_Date,Status) VALUES (824,926,313,5,'2025-04-03','Returned');
INSERT INTO orders(Order_ID,Customer_ID,Product_ID,Quantity,Order_Date,Status) VALUES (825,418,20,9,'2025-04-04','Returned');
INSERT INTO orders(Order_ID,Customer_ID,Product_ID,Quantity,Order_Date,Status) VALUES (826,999,78,8,'2025-04-05','Shipped');
INSERT INTO orders(Order_ID,Customer_ID,Product_ID,Quantity,Order_Date,Status) VALUES (827,972,52,19,'2025-04-06','Cancelled');
INSERT INTO orders(Order_ID,Customer_ID,Product_ID,Quantity,Order_Date,Status) VALUES (828,524,188,19,'2025-04-07','Returned');
INSERT INTO orders(Order_ID,Customer_ID,Product_ID,Quantity,Order_Date,Status) VALUES (829,649,266,16,'2025-04-08','Returned');
INSERT INTO orders(Order_ID,Customer_ID,Product_ID,Quantity,Order_Date,Status) VALUES (830,455,439,9,'2025-04-09','Processing');
INSERT INTO orders(Order_ID,Customer_ID,Product_ID,Quantity,Order_Date,Status) VALUES (831,435,247,7,'2025-04-10','Shipped');
INSERT INTO orders(Order_ID,Customer_ID,Product_ID,Quantity,Order_Date,Status) VALUES (832,634,218,12,'2025-04-11','Cancelled');
INSERT INTO orders(Order_ID,Customer_ID,Product_ID,Quantity,Order_Date,Status) VALUES (833,903,206,8,'2025-04-12','Shipped');
INSERT INTO orders(Order_ID,Customer_ID,Product_ID,Quantity,Order_Date,Status) VALUES (834,935,400,16,'2025-04-13','Returned');
INSERT INTO orders(Order_ID,Customer_ID,Product_ID,Quantity,Order_Date,Status) VALUES (835,360,71,15,'2025-04-14','Returned');
INSERT INTO orders(Order_ID,Customer_ID,Product_ID,Quantity,Order_Date,Status) VALUES (836,317,102,10,'2025-04-15','Returned');
INSERT INTO orders(Order_ID,Customer_ID,Product_ID,Quantity,Order_Date,Status) VALUES (837,109,490,2,'2025-04-16','Processing');
INSERT INTO orders(Order_ID,Customer_ID,Product_ID,Quantity,Order_Date,Status) VALUES (838,618,197,6,'2025-04-17','Cancelled');
INSERT INTO orders(Order_ID,Customer_ID,Product_ID,Quantity,Order_Date,Status) VALUES (839,810,323,13,'2025-04-18','Returned');
INSERT INTO orders(Order_ID,Customer_ID,Product_ID,Quantity,Order_Date,Status) VALUES (840,119,353,12,'2025-04-19','Processing');
INSERT INTO orders(Order_ID,Customer_ID,Product_ID,Quantity,Order_Date,Status) VALUES (841,695,436,3,'2025-04-20','Shipped');
INSERT INTO orders(Order_ID,Customer_ID,Product_ID,Quantity,Order_Date,Status) VALUES (842,727,11,5,'2025-04-21','Returned');
INSERT INTO orders(Order_ID,Customer_ID,Product_ID,Quantity,Order_Date,Status) VALUES (843,772,446,17,'2025-04-22','Cancelled');
INSERT INTO orders(Order_ID,Customer_ID,Product_ID,Quantity,Order_Date,Status) VALUES (844,161,240,10,'2025-04-23','Shipped');
INSERT INTO orders(Order_ID,Customer_ID,Product_ID,Quantity,Order_Date,Status) VALUES (845,740,234,15,'2025-04-24','Shipped');
INSERT INTO orders(Order_ID,Customer_ID,Product_ID,Quantity,Order_Date,Status) VALUES (846,642,350,5,'2025-04-25','Processing');
INSERT INTO orders(Order_ID,Customer_ID,Product_ID,Quantity,Order_Date,Status) VALUES (847,499,414,19,'2025-04-26','Delivered');
INSERT INTO orders(Order_ID,Customer_ID,Product_ID,Quantity,Order_Date,Status) VALUES (848,115,141,6,'2025-04-27','Processing');
INSERT INTO orders(Order_ID,Customer_ID,Product_ID,Quantity,Order_Date,Status) VALUES (849,104,71,9,'2025-04-28','Processing');
INSERT INTO orders(Order_ID,Customer_ID,Product_ID,Quantity,Order_Date,Status) VALUES (850,341,280,3,'2025-04-29','Returned');
INSERT INTO orders(Order_ID,Customer_ID,Product_ID,Quantity,Order_Date,Status) VALUES (851,611,32,16,'2025-04-30','Processing');
INSERT INTO orders(Order_ID,Customer_ID,Product_ID,Quantity,Order_Date,Status) VALUES (852,721,93,9,'2025-05-01','Cancelled');
INSERT INTO orders(Order_ID,Customer_ID,Product_ID,Quantity,Order_Date,Status) VALUES (853,467,489,1,'2025-05-02','Delivered');
INSERT INTO orders(Order_ID,Customer_ID,Product_ID,Quantity,Order_Date,Status) VALUES (854,253,309,13,'2025-05-03','Shipped');
INSERT INTO orders(Order_ID,Customer_ID,Product_ID,Quantity,Order_Date,Status) VALUES (855,499,450,4,'2025-05-04','Cancelled');
INSERT INTO orders(Order_ID,Customer_ID,Product_ID,Quantity,Order_Date,Status) VALUES (856,112,492,6,'2025-05-05','Delivered');
INSERT INTO orders(Order_ID,Customer_ID,Product_ID,Quantity,Order_Date,Status) VALUES (857,968,84,18,'2025-05-06','Delivered');
INSERT INTO orders(Order_ID,Customer_ID,Product_ID,Quantity,Order_Date,Status) VALUES (858,848,382,15,'2025-05-07','Shipped');
INSERT INTO orders(Order_ID,Customer_ID,Product_ID,Quantity,Order_Date,Status) VALUES (859,683,223,16,'2025-05-08','Cancelled');
INSERT INTO orders(Order_ID,Customer_ID,Product_ID,Quantity,Order_Date,Status) VALUES (860,393,182,7,'2025-05-09','Cancelled');
INSERT INTO orders(Order_ID,Customer_ID,Product_ID,Quantity,Order_Date,Status) VALUES (861,482,275,2,'2025-05-10','Cancelled');
INSERT INTO orders(Order_ID,Customer_ID,Product_ID,Quantity,Order_Date,Status) VALUES (862,665,30,18,'2025-05-11','Processing');
INSERT INTO orders(Order_ID,Customer_ID,Product_ID,Quantity,Order_Date,Status) VALUES (863,95,281,13,'2025-05-12','Cancelled');
INSERT INTO orders(Order_ID,Customer_ID,Product_ID,Quantity,Order_Date,Status) VALUES (864,199,207,1,'2025-05-13','Processing');
INSERT INTO orders(Order_ID,Customer_ID,Product_ID,Quantity,Order_Date,Status) VALUES (865,161,129,12,'2025-05-14','Cancelled');
INSERT INTO orders(Order_ID,Customer_ID,Product_ID,Quantity,Order_Date,Status) VALUES (866,519,121,12,'2025-05-15','Cancelled');
INSERT INTO orders(Order_ID,Customer_ID,Product_ID,Quantity,Order_Date,Status) VALUES (867,387,333,8,'2025-05-16','Processing');
INSERT INTO orders(Order_ID,Customer_ID,Product_ID,Quantity,Order_Date,Status) VALUES (868,531,156,3,'2025-05-17','Returned');
INSERT INTO orders(Order_ID,Customer_ID,Product_ID,Quantity,Order_Date,Status) VALUES (869,263,25,15,'2025-05-18','Shipped');
INSERT INTO orders(Order_ID,Customer_ID,Product_ID,Quantity,Order_Date,Status) VALUES (870,488,10,13,'2025-05-19','Returned');
INSERT INTO orders(Order_ID,Customer_ID,Product_ID,Quantity,Order_Date,Status) VALUES (871,74,257,16,'2025-05-20','Delivered');
INSERT INTO orders(Order_ID,Customer_ID,Product_ID,Quantity,Order_Date,Status) VALUES (872,439,7,17,'2025-05-21','Returned');
INSERT INTO orders(Order_ID,Customer_ID,Product_ID,Quantity,Order_Date,Status) VALUES (873,920,273,12,'2025-05-22','Returned');
INSERT INTO orders(Order_ID,Customer_ID,Product_ID,Quantity,Order_Date,Status) VALUES (874,172,12,11,'2025-05-23','Delivered');
INSERT INTO orders(Order_ID,Customer_ID,Product_ID,Quantity,Order_Date,Status) VALUES (875,123,408,17,'2025-05-24','Returned');
INSERT INTO orders(Order_ID,Customer_ID,Product_ID,Quantity,Order_Date,Status) VALUES (876,900,462,9,'2025-05-25','Returned');
INSERT INTO orders(Order_ID,Customer_ID,Product_ID,Quantity,Order_Date,Status) VALUES (877,987,359,4,'2025-05-26','Cancelled');
INSERT INTO orders(Order_ID,Customer_ID,Product_ID,Quantity,Order_Date,Status) VALUES (878,563,456,10,'2025-05-27','Shipped');
INSERT INTO orders(Order_ID,Customer_ID,Product_ID,Quantity,Order_Date,Status) VALUES (879,712,273,3,'2025-05-28','Delivered');
INSERT INTO orders(Order_ID,Customer_ID,Product_ID,Quantity,Order_Date,Status) VALUES (880,480,245,1,'2025-05-29','Delivered');
INSERT INTO orders(Order_ID,Customer_ID,Product_ID,Quantity,Order_Date,Status) VALUES (881,453,183,6,'2025-05-30','Cancelled');
INSERT INTO orders(Order_ID,Customer_ID,Product_ID,Quantity,Order_Date,Status) VALUES (882,222,147,8,'2025-05-31','Cancelled');
INSERT INTO orders(Order_ID,Customer_ID,Product_ID,Quantity,Order_Date,Status) VALUES (883,52,206,6,'2025-06-01','Shipped');
INSERT INTO orders(Order_ID,Customer_ID,Product_ID,Quantity,Order_Date,Status) VALUES (884,823,161,18,'2025-06-02','Processing');
INSERT INTO orders(Order_ID,Customer_ID,Product_ID,Quantity,Order_Date,Status) VALUES (885,355,481,19,'2025-06-03','Shipped');
INSERT INTO orders(Order_ID,Customer_ID,Product_ID,Quantity,Order_Date,Status) VALUES (886,875,442,6,'2025-06-04','Cancelled');
INSERT INTO orders(Order_ID,Customer_ID,Product_ID,Quantity,Order_Date,Status) VALUES (887,24,275,9,'2025-06-05','Delivered');
INSERT INTO orders(Order_ID,Customer_ID,Product_ID,Quantity,Order_Date,Status) VALUES (888,180,262,11,'2025-06-06','Shipped');
INSERT INTO orders(Order_ID,Customer_ID,Product_ID,Quantity,Order_Date,Status) VALUES (889,921,188,5,'2025-06-07','Returned');
INSERT INTO orders(Order_ID,Customer_ID,Product_ID,Quantity,Order_Date,Status) VALUES (890,431,105,6,'2025-06-08','Processing');
INSERT INTO orders(Order_ID,Customer_ID,Product_ID,Quantity,Order_Date,Status) VALUES (891,681,60,17,'2025-06-09','Cancelled');
INSERT INTO orders(Order_ID,Customer_ID,Product_ID,Quantity,Order_Date,Status) VALUES (892,482,364,14,'2025-06-10','Shipped');
INSERT INTO orders(Order_ID,Customer_ID,Product_ID,Quantity,Order_Date,Status) VALUES (893,218,158,9,'2025-06-11','Delivered');
INSERT INTO orders(Order_ID,Customer_ID,Product_ID,Quantity,Order_Date,Status) VALUES (894,29,302,5,'2025-06-12','Delivered');
INSERT INTO orders(Order_ID,Customer_ID,Product_ID,Quantity,Order_Date,Status) VALUES (895,665,480,19,'2025-06-13','Shipped');
INSERT INTO orders(Order_ID,Customer_ID,Product_ID,Quantity,Order_Date,Status) VALUES (896,776,24,4,'2025-06-14','Processing');
INSERT INTO orders(Order_ID,Customer_ID,Product_ID,Quantity,Order_Date,Status) VALUES (897,50,161,3,'2025-06-15','Cancelled');
INSERT INTO orders(Order_ID,Customer_ID,Product_ID,Quantity,Order_Date,Status) VALUES (898,880,493,3,'2025-06-16','Cancelled');
INSERT INTO orders(Order_ID,Customer_ID,Product_ID,Quantity,Order_Date,Status) VALUES (899,7,46,7,'2025-06-17','Returned');
INSERT INTO orders(Order_ID,Customer_ID,Product_ID,Quantity,Order_Date,Status) VALUES (900,661,132,8,'2025-06-18','Returned');
INSERT INTO orders(Order_ID,Customer_ID,Product_ID,Quantity,Order_Date,Status) VALUES (901,816,115,2,'2025-06-19','Processing');
INSERT INTO orders(Order_ID,Customer_ID,Product_ID,Quantity,Order_Date,Status) VALUES (902,404,500,11,'2025-06-20','Cancelled');
INSERT INTO orders(Order_ID,Customer_ID,Product_ID,Quantity,Order_Date,Status) VALUES (903,122,405,14,'2025-06-21','Shipped');
INSERT INTO orders(Order_ID,Customer_ID,Product_ID,Quantity,Order_Date,Status) VALUES (904,911,462,16,'2025-06-22','Delivered');
INSERT INTO orders(Order_ID,Customer_ID,Product_ID,Quantity,Order_Date,Status) VALUES (905,233,485,3,'2025-06-23','Returned');
INSERT INTO orders(Order_ID,Customer_ID,Product_ID,Quantity,Order_Date,Status) VALUES (906,621,98,6,'2025-06-24','Shipped');
INSERT INTO orders(Order_ID,Customer_ID,Product_ID,Quantity,Order_Date,Status) VALUES (907,278,2,7,'2025-06-25','Returned');
INSERT INTO orders(Order_ID,Customer_ID,Product_ID,Quantity,Order_Date,Status) VALUES (908,130,475,4,'2025-06-26','Shipped');
INSERT INTO orders(Order_ID,Customer_ID,Product_ID,Quantity,Order_Date,Status) VALUES (909,346,97,3,'2025-06-27','Shipped');
INSERT INTO orders(Order_ID,Customer_ID,Product_ID,Quantity,Order_Date,Status) VALUES (910,512,296,1,'2025-06-28','Processing');
INSERT INTO orders(Order_ID,Customer_ID,Product_ID,Quantity,Order_Date,Status) VALUES (911,653,309,10,'2025-06-29','Delivered');
INSERT INTO orders(Order_ID,Customer_ID,Product_ID,Quantity,Order_Date,Status) VALUES (912,786,189,8,'2025-06-30','Delivered');
INSERT INTO orders(Order_ID,Customer_ID,Product_ID,Quantity,Order_Date,Status) VALUES (913,392,364,17,'2025-07-01','Processing');
INSERT INTO orders(Order_ID,Customer_ID,Product_ID,Quantity,Order_Date,Status) VALUES (914,899,410,13,'2025-07-02','Cancelled');
INSERT INTO orders(Order_ID,Customer_ID,Product_ID,Quantity,Order_Date,Status) VALUES (915,323,277,17,'2025-07-03','Shipped');
INSERT INTO orders(Order_ID,Customer_ID,Product_ID,Quantity,Order_Date,Status) VALUES (916,650,263,19,'2025-07-04','Returned');
INSERT INTO orders(Order_ID,Customer_ID,Product_ID,Quantity,Order_Date,Status) VALUES (917,190,340,12,'2025-07-05','Delivered');
INSERT INTO orders(Order_ID,Customer_ID,Product_ID,Quantity,Order_Date,Status) VALUES (918,893,50,7,'2025-07-06','Processing');
INSERT INTO orders(Order_ID,Customer_ID,Product_ID,Quantity,Order_Date,Status) VALUES (919,104,486,1,'2025-07-07','Returned');
INSERT INTO orders(Order_ID,Customer_ID,Product_ID,Quantity,Order_Date,Status) VALUES (920,123,142,17,'2025-07-08','Shipped');
INSERT INTO orders(Order_ID,Customer_ID,Product_ID,Quantity,Order_Date,Status) VALUES (921,779,4,18,'2025-07-09','Processing');
INSERT INTO orders(Order_ID,Customer_ID,Product_ID,Quantity,Order_Date,Status) VALUES (922,199,457,8,'2025-07-10','Cancelled');
INSERT INTO orders(Order_ID,Customer_ID,Product_ID,Quantity,Order_Date,Status) VALUES (923,778,154,10,'2025-07-11','Returned');
INSERT INTO orders(Order_ID,Customer_ID,Product_ID,Quantity,Order_Date,Status) VALUES (924,350,460,3,'2025-07-12','Delivered');
INSERT INTO orders(Order_ID,Customer_ID,Product_ID,Quantity,Order_Date,Status) VALUES (925,475,384,8,'2025-07-13','Cancelled');
INSERT INTO orders(Order_ID,Customer_ID,Product_ID,Quantity,Order_Date,Status) VALUES (926,217,442,3,'2025-07-14','Processing');
INSERT INTO orders(Order_ID,Customer_ID,Product_ID,Quantity,Order_Date,Status) VALUES (927,70,32,18,'2025-07-15','Delivered');
INSERT INTO orders(Order_ID,Customer_ID,Product_ID,Quantity,Order_Date,Status) VALUES (928,125,458,17,'2025-07-16','Returned');
INSERT INTO orders(Order_ID,Customer_ID,Product_ID,Quantity,Order_Date,Status) VALUES (929,287,93,9,'2025-07-17','Delivered');
INSERT INTO orders(Order_ID,Customer_ID,Product_ID,Quantity,Order_Date,Status) VALUES (930,532,265,6,'2025-07-18','Returned');
INSERT INTO orders(Order_ID,Customer_ID,Product_ID,Quantity,Order_Date,Status) VALUES (931,316,321,16,'2025-07-19','Processing');
INSERT INTO orders(Order_ID,Customer_ID,Product_ID,Quantity,Order_Date,Status) VALUES (932,850,142,4,'2025-07-20','Returned');
INSERT INTO orders(Order_ID,Customer_ID,Product_ID,Quantity,Order_Date,Status) VALUES (933,140,402,17,'2025-07-21','Shipped');
INSERT INTO orders(Order_ID,Customer_ID,Product_ID,Quantity,Order_Date,Status) VALUES (934,37,234,9,'2025-07-22','Returned');
INSERT INTO orders(Order_ID,Customer_ID,Product_ID,Quantity,Order_Date,Status) VALUES (935,831,116,5,'2025-07-23','Cancelled');
INSERT INTO orders(Order_ID,Customer_ID,Product_ID,Quantity,Order_Date,Status) VALUES (936,473,101,16,'2025-07-24','Processing');
INSERT INTO orders(Order_ID,Customer_ID,Product_ID,Quantity,Order_Date,Status) VALUES (937,374,229,3,'2025-07-25','Returned');
INSERT INTO orders(Order_ID,Customer_ID,Product_ID,Quantity,Order_Date,Status) VALUES (938,92,424,6,'2025-07-26','Processing');
INSERT INTO orders(Order_ID,Customer_ID,Product_ID,Quantity,Order_Date,Status) VALUES (939,308,45,17,'2025-07-27','Returned');
INSERT INTO orders(Order_ID,Customer_ID,Product_ID,Quantity,Order_Date,Status) VALUES (940,487,184,2,'2025-07-28','Delivered');
INSERT INTO orders(Order_ID,Customer_ID,Product_ID,Quantity,Order_Date,Status) VALUES (941,141,447,11,'2025-07-29','Cancelled');
INSERT INTO orders(Order_ID,Customer_ID,Product_ID,Quantity,Order_Date,Status) VALUES (942,271,57,11,'2025-07-30','Returned');
INSERT INTO orders(Order_ID,Customer_ID,Product_ID,Quantity,Order_Date,Status) VALUES (943,39,149,1,'2025-07-31','Shipped');
INSERT INTO orders(Order_ID,Customer_ID,Product_ID,Quantity,Order_Date,Status) VALUES (944,328,432,9,'2025-08-01','Processing');
INSERT INTO orders(Order_ID,Customer_ID,Product_ID,Quantity,Order_Date,Status) VALUES (945,672,248,5,'2025-08-02','Shipped');
INSERT INTO orders(Order_ID,Customer_ID,Product_ID,Quantity,Order_Date,Status) VALUES (946,774,224,19,'2025-08-03','Cancelled');
INSERT INTO orders(Order_ID,Customer_ID,Product_ID,Quantity,Order_Date,Status) VALUES (947,796,400,16,'2025-08-04','Processing');
INSERT INTO orders(Order_ID,Customer_ID,Product_ID,Quantity,Order_Date,Status) VALUES (948,484,62,12,'2025-08-05','Returned');
INSERT INTO orders(Order_ID,Customer_ID,Product_ID,Quantity,Order_Date,Status) VALUES (949,870,136,1,'2025-08-06','Shipped');
INSERT INTO orders(Order_ID,Customer_ID,Product_ID,Quantity,Order_Date,Status) VALUES (950,820,492,7,'2025-08-07','Delivered');
INSERT INTO orders(Order_ID,Customer_ID,Product_ID,Quantity,Order_Date,Status) VALUES (951,155,39,4,'2025-08-08','Delivered');
INSERT INTO orders(Order_ID,Customer_ID,Product_ID,Quantity,Order_Date,Status) VALUES (952,779,1,1,'2025-08-09','Processing');
INSERT INTO orders(Order_ID,Customer_ID,Product_ID,Quantity,Order_Date,Status) VALUES (953,887,137,4,'2025-08-10','Returned');
INSERT INTO orders(Order_ID,Customer_ID,Product_ID,Quantity,Order_Date,Status) VALUES (954,502,269,11,'2025-08-11','Delivered');
INSERT INTO orders(Order_ID,Customer_ID,Product_ID,Quantity,Order_Date,Status) VALUES (955,448,149,19,'2025-08-12','Returned');
INSERT INTO orders(Order_ID,Customer_ID,Product_ID,Quantity,Order_Date,Status) VALUES (956,616,464,14,'2025-08-13','Cancelled');
INSERT INTO orders(Order_ID,Customer_ID,Product_ID,Quantity,Order_Date,Status) VALUES (957,544,241,5,'2025-08-14','Cancelled');
INSERT INTO orders(Order_ID,Customer_ID,Product_ID,Quantity,Order_Date,Status) VALUES (958,436,497,2,'2025-08-15','Shipped');
INSERT INTO orders(Order_ID,Customer_ID,Product_ID,Quantity,Order_Date,Status) VALUES (959,371,308,12,'2025-08-16','Delivered');
INSERT INTO orders(Order_ID,Customer_ID,Product_ID,Quantity,Order_Date,Status) VALUES (960,219,101,8,'2025-08-17','Cancelled');
INSERT INTO orders(Order_ID,Customer_ID,Product_ID,Quantity,Order_Date,Status) VALUES (961,241,264,15,'2025-08-18','Returned');
INSERT INTO orders(Order_ID,Customer_ID,Product_ID,Quantity,Order_Date,Status) VALUES (962,55,186,5,'2025-08-19','Delivered');
INSERT INTO orders(Order_ID,Customer_ID,Product_ID,Quantity,Order_Date,Status) VALUES (963,527,347,2,'2025-08-20','Returned');
INSERT INTO orders(Order_ID,Customer_ID,Product_ID,Quantity,Order_Date,Status) VALUES (964,180,95,15,'2025-08-21','Returned');
INSERT INTO orders(Order_ID,Customer_ID,Product_ID,Quantity,Order_Date,Status) VALUES (965,587,7,4,'2025-08-22','Processing');
INSERT INTO orders(Order_ID,Customer_ID,Product_ID,Quantity,Order_Date,Status) VALUES (966,852,59,18,'2025-08-23','Shipped');
INSERT INTO orders(Order_ID,Customer_ID,Product_ID,Quantity,Order_Date,Status) VALUES (967,829,443,9,'2025-08-24','Delivered');
INSERT INTO orders(Order_ID,Customer_ID,Product_ID,Quantity,Order_Date,Status) VALUES (968,911,161,11,'2025-08-25','Returned');
INSERT INTO orders(Order_ID,Customer_ID,Product_ID,Quantity,Order_Date,Status) VALUES (969,872,236,17,'2025-08-26','Returned');
INSERT INTO orders(Order_ID,Customer_ID,Product_ID,Quantity,Order_Date,Status) VALUES (970,965,31,14,'2025-08-27','Delivered');
INSERT INTO orders(Order_ID,Customer_ID,Product_ID,Quantity,Order_Date,Status) VALUES (971,274,206,10,'2025-08-28','Returned');
INSERT INTO orders(Order_ID,Customer_ID,Product_ID,Quantity,Order_Date,Status) VALUES (972,651,116,11,'2025-08-29','Cancelled');
INSERT INTO orders(Order_ID,Customer_ID,Product_ID,Quantity,Order_Date,Status) VALUES (973,219,448,4,'2025-08-30','Delivered');
INSERT INTO orders(Order_ID,Customer_ID,Product_ID,Quantity,Order_Date,Status) VALUES (974,444,497,15,'2025-08-31','Shipped');
INSERT INTO orders(Order_ID,Customer_ID,Product_ID,Quantity,Order_Date,Status) VALUES (975,492,395,11,'2025-09-01','Delivered');
INSERT INTO orders(Order_ID,Customer_ID,Product_ID,Quantity,Order_Date,Status) VALUES (976,634,201,14,'2025-09-02','Processing');
INSERT INTO orders(Order_ID,Customer_ID,Product_ID,Quantity,Order_Date,Status) VALUES (977,478,92,16,'2025-09-03','Returned');
INSERT INTO orders(Order_ID,Customer_ID,Product_ID,Quantity,Order_Date,Status) VALUES (978,33,356,14,'2025-09-04','Delivered');
INSERT INTO orders(Order_ID,Customer_ID,Product_ID,Quantity,Order_Date,Status) VALUES (979,905,43,4,'2025-09-05','Returned');
INSERT INTO orders(Order_ID,Customer_ID,Product_ID,Quantity,Order_Date,Status) VALUES (980,810,365,14,'2025-09-06','Processing');
INSERT INTO orders(Order_ID,Customer_ID,Product_ID,Quantity,Order_Date,Status) VALUES (981,877,227,9,'2025-09-07','Processing');
INSERT INTO orders(Order_ID,Customer_ID,Product_ID,Quantity,Order_Date,Status) VALUES (982,900,479,5,'2025-09-08','Delivered');
INSERT INTO orders(Order_ID,Customer_ID,Product_ID,Quantity,Order_Date,Status) VALUES (983,485,338,13,'2025-09-09','Returned');
INSERT INTO orders(Order_ID,Customer_ID,Product_ID,Quantity,Order_Date,Status) VALUES (984,274,132,16,'2025-09-10','Shipped');
INSERT INTO orders(Order_ID,Customer_ID,Product_ID,Quantity,Order_Date,Status) VALUES (985,937,231,17,'2025-09-11','Shipped');
INSERT INTO orders(Order_ID,Customer_ID,Product_ID,Quantity,Order_Date,Status) VALUES (986,945,330,8,'2025-09-12','Returned');
INSERT INTO orders(Order_ID,Customer_ID,Product_ID,Quantity,Order_Date,Status) VALUES (987,415,430,11,'2025-09-13','Delivered');
INSERT INTO orders(Order_ID,Customer_ID,Product_ID,Quantity,Order_Date,Status) VALUES (988,684,461,10,'2025-09-14','Returned');
INSERT INTO orders(Order_ID,Customer_ID,Product_ID,Quantity,Order_Date,Status) VALUES (989,507,228,7,'2025-09-15','Delivered');
INSERT INTO orders(Order_ID,Customer_ID,Product_ID,Quantity,Order_Date,Status) VALUES (990,194,320,7,'2025-09-16','Cancelled');
INSERT INTO orders(Order_ID,Customer_ID,Product_ID,Quantity,Order_Date,Status) VALUES (991,875,319,8,'2025-09-17','Shipped');
INSERT INTO orders(Order_ID,Customer_ID,Product_ID,Quantity,Order_Date,Status) VALUES (992,699,196,16,'2025-09-18','Shipped');
INSERT INTO orders(Order_ID,Customer_ID,Product_ID,Quantity,Order_Date,Status) VALUES (993,132,84,7,'2025-09-19','Returned');
INSERT INTO orders(Order_ID,Customer_ID,Product_ID,Quantity,Order_Date,Status) VALUES (994,981,258,3,'2025-09-20','Cancelled');
INSERT INTO orders(Order_ID,Customer_ID,Product_ID,Quantity,Order_Date,Status) VALUES (995,823,268,18,'2025-09-21','Returned');
INSERT INTO orders(Order_ID,Customer_ID,Product_ID,Quantity,Order_Date,Status) VALUES (996,441,239,6,'2025-09-22','Processing');
INSERT INTO orders(Order_ID,Customer_ID,Product_ID,Quantity,Order_Date,Status) VALUES (997,380,308,12,'2025-09-23','Processing');
INSERT INTO orders(Order_ID,Customer_ID,Product_ID,Quantity,Order_Date,Status) VALUES (998,813,128,17,'2025-09-24','Shipped');
INSERT INTO orders(Order_ID,Customer_ID,Product_ID,Quantity,Order_Date,Status) VALUES (999,898,158,15,'2025-09-25','Processing');
INSERT INTO orders(Order_ID,Customer_ID,Product_ID,Quantity,Order_Date,Status) VALUES (1000,249,174,1,'2025-09-26','Processing');


DROP TABLE IF EXISTS products;

CREATE TABLE products(
   Product_ID   INTEGER  NOT NULL PRIMARY KEY 
  ,Product_Name VARCHAR(11) NOT NULL
  ,Category_ID  INTEGER  NOT NULL
  ,Price        NUMERIC(6,2) NOT NULL
  ,Stock        INTEGER  NOT NULL
);
INSERT INTO products(Product_ID,Product_Name,Category_ID,Price,Stock) VALUES (1,'Product_1',12,387.59,92);
INSERT INTO products(Product_ID,Product_Name,Category_ID,Price,Stock) VALUES (2,'Product_2',42,689.4,0);
INSERT INTO products(Product_ID,Product_Name,Category_ID,Price,Stock) VALUES (3,'Product_3',2,177.56,267);
INSERT INTO products(Product_ID,Product_Name,Category_ID,Price,Stock) VALUES (4,'Product_4',40,790.62,8);
INSERT INTO products(Product_ID,Product_Name,Category_ID,Price,Stock) VALUES (5,'Product_5',5,537.12,19);
INSERT INTO products(Product_ID,Product_Name,Category_ID,Price,Stock) VALUES (6,'Product_6',4,622.94,477);
INSERT INTO products(Product_ID,Product_Name,Category_ID,Price,Stock) VALUES (7,'Product_7',2,952.54,30);
INSERT INTO products(Product_ID,Product_Name,Category_ID,Price,Stock) VALUES (8,'Product_8',49,346.89,31);
INSERT INTO products(Product_ID,Product_Name,Category_ID,Price,Stock) VALUES (9,'Product_9',27,689.1,275);
INSERT INTO products(Product_ID,Product_Name,Category_ID,Price,Stock) VALUES (10,'Product_10',44,254.51,188);
INSERT INTO products(Product_ID,Product_Name,Category_ID,Price,Stock) VALUES (11,'Product_11',2,338.73,465);
INSERT INTO products(Product_ID,Product_Name,Category_ID,Price,Stock) VALUES (12,'Product_12',18,505.86,127);
INSERT INTO products(Product_ID,Product_Name,Category_ID,Price,Stock) VALUES (13,'Product_13',26,845.39,289);
INSERT INTO products(Product_ID,Product_Name,Category_ID,Price,Stock) VALUES (14,'Product_14',29,808.47,273);
INSERT INTO products(Product_ID,Product_Name,Category_ID,Price,Stock) VALUES (15,'Product_15',40,331.48,268);
INSERT INTO products(Product_ID,Product_Name,Category_ID,Price,Stock) VALUES (16,'Product_16',21,954.27,473);
INSERT INTO products(Product_ID,Product_Name,Category_ID,Price,Stock) VALUES (17,'Product_17',26,905.11,42);
INSERT INTO products(Product_ID,Product_Name,Category_ID,Price,Stock) VALUES (18,'Product_18',20,942.85,374);
INSERT INTO products(Product_ID,Product_Name,Category_ID,Price,Stock) VALUES (19,'Product_19',23,993.14,98);
INSERT INTO products(Product_ID,Product_Name,Category_ID,Price,Stock) VALUES (20,'Product_20',40,302.03,358);
INSERT INTO products(Product_ID,Product_Name,Category_ID,Price,Stock) VALUES (21,'Product_21',34,366.5,46);
INSERT INTO products(Product_ID,Product_Name,Category_ID,Price,Stock) VALUES (22,'Product_22',29,55.33,217);
INSERT INTO products(Product_ID,Product_Name,Category_ID,Price,Stock) VALUES (23,'Product_23',32,912.22,163);
INSERT INTO products(Product_ID,Product_Name,Category_ID,Price,Stock) VALUES (24,'Product_24',42,520.9,212);
INSERT INTO products(Product_ID,Product_Name,Category_ID,Price,Stock) VALUES (25,'Product_25',18,605.23,425);
INSERT INTO products(Product_ID,Product_Name,Category_ID,Price,Stock) VALUES (26,'Product_26',4,621.81,318);
INSERT INTO products(Product_ID,Product_Name,Category_ID,Price,Stock) VALUES (27,'Product_27',11,840.21,368);
INSERT INTO products(Product_ID,Product_Name,Category_ID,Price,Stock) VALUES (28,'Product_28',30,995.13,196);
INSERT INTO products(Product_ID,Product_Name,Category_ID,Price,Stock) VALUES (29,'Product_29',6,178.59,70);
INSERT INTO products(Product_ID,Product_Name,Category_ID,Price,Stock) VALUES (30,'Product_30',6,747.66,249);
INSERT INTO products(Product_ID,Product_Name,Category_ID,Price,Stock) VALUES (31,'Product_31',44,398.23,426);
INSERT INTO products(Product_ID,Product_Name,Category_ID,Price,Stock) VALUES (32,'Product_32',42,518.02,324);
INSERT INTO products(Product_ID,Product_Name,Category_ID,Price,Stock) VALUES (33,'Product_33',27,624.55,130);
INSERT INTO products(Product_ID,Product_Name,Category_ID,Price,Stock) VALUES (34,'Product_34',11,640.35,303);
INSERT INTO products(Product_ID,Product_Name,Category_ID,Price,Stock) VALUES (35,'Product_35',39,225.01,286);
INSERT INTO products(Product_ID,Product_Name,Category_ID,Price,Stock) VALUES (36,'Product_36',47,802.39,346);
INSERT INTO products(Product_ID,Product_Name,Category_ID,Price,Stock) VALUES (37,'Product_37',25,42.27,148);
INSERT INTO products(Product_ID,Product_Name,Category_ID,Price,Stock) VALUES (38,'Product_38',40,908.52,4);
INSERT INTO products(Product_ID,Product_Name,Category_ID,Price,Stock) VALUES (39,'Product_39',1,68.64,86);
INSERT INTO products(Product_ID,Product_Name,Category_ID,Price,Stock) VALUES (40,'Product_40',28,831.8,318);
INSERT INTO products(Product_ID,Product_Name,Category_ID,Price,Stock) VALUES (41,'Product_41',36,360.33,265);
INSERT INTO products(Product_ID,Product_Name,Category_ID,Price,Stock) VALUES (42,'Product_42',50,232.39,328);
INSERT INTO products(Product_ID,Product_Name,Category_ID,Price,Stock) VALUES (43,'Product_43',28,17.46,320);
INSERT INTO products(Product_ID,Product_Name,Category_ID,Price,Stock) VALUES (44,'Product_44',48,102.62,130);
INSERT INTO products(Product_ID,Product_Name,Category_ID,Price,Stock) VALUES (45,'Product_45',39,800.65,499);
INSERT INTO products(Product_ID,Product_Name,Category_ID,Price,Stock) VALUES (46,'Product_46',35,665.67,149);
INSERT INTO products(Product_ID,Product_Name,Category_ID,Price,Stock) VALUES (47,'Product_47',16,950.07,361);
INSERT INTO products(Product_ID,Product_Name,Category_ID,Price,Stock) VALUES (48,'Product_48',36,815.73,88);
INSERT INTO products(Product_ID,Product_Name,Category_ID,Price,Stock) VALUES (49,'Product_49',45,638.3,115);
INSERT INTO products(Product_ID,Product_Name,Category_ID,Price,Stock) VALUES (50,'Product_50',50,780.34,379);
INSERT INTO products(Product_ID,Product_Name,Category_ID,Price,Stock) VALUES (51,'Product_51',18,796.15,36);
INSERT INTO products(Product_ID,Product_Name,Category_ID,Price,Stock) VALUES (52,'Product_52',47,387.09,356);
INSERT INTO products(Product_ID,Product_Name,Category_ID,Price,Stock) VALUES (53,'Product_53',23,351.41,208);
INSERT INTO products(Product_ID,Product_Name,Category_ID,Price,Stock) VALUES (54,'Product_54',44,870.45,200);
INSERT INTO products(Product_ID,Product_Name,Category_ID,Price,Stock) VALUES (55,'Product_55',37,83.2,52);
INSERT INTO products(Product_ID,Product_Name,Category_ID,Price,Stock) VALUES (56,'Product_56',45,299.06,484);
INSERT INTO products(Product_ID,Product_Name,Category_ID,Price,Stock) VALUES (57,'Product_57',22,945.51,151);
INSERT INTO products(Product_ID,Product_Name,Category_ID,Price,Stock) VALUES (58,'Product_58',3,728.77,437);
INSERT INTO products(Product_ID,Product_Name,Category_ID,Price,Stock) VALUES (59,'Product_59',1,840.35,433);
INSERT INTO products(Product_ID,Product_Name,Category_ID,Price,Stock) VALUES (60,'Product_60',24,84.67,162);
INSERT INTO products(Product_ID,Product_Name,Category_ID,Price,Stock) VALUES (61,'Product_61',44,629.31,388);
INSERT INTO products(Product_ID,Product_Name,Category_ID,Price,Stock) VALUES (62,'Product_62',4,332.08,391);
INSERT INTO products(Product_ID,Product_Name,Category_ID,Price,Stock) VALUES (63,'Product_63',13,696.22,92);
INSERT INTO products(Product_ID,Product_Name,Category_ID,Price,Stock) VALUES (64,'Product_64',1,154.6,218);
INSERT INTO products(Product_ID,Product_Name,Category_ID,Price,Stock) VALUES (65,'Product_65',50,852.76,110);
INSERT INTO products(Product_ID,Product_Name,Category_ID,Price,Stock) VALUES (66,'Product_66',8,568.58,360);
INSERT INTO products(Product_ID,Product_Name,Category_ID,Price,Stock) VALUES (67,'Product_67',27,102.31,38);
INSERT INTO products(Product_ID,Product_Name,Category_ID,Price,Stock) VALUES (68,'Product_68',49,902.42,324);
INSERT INTO products(Product_ID,Product_Name,Category_ID,Price,Stock) VALUES (69,'Product_69',21,549.15,481);
INSERT INTO products(Product_ID,Product_Name,Category_ID,Price,Stock) VALUES (70,'Product_70',45,595.14,320);
INSERT INTO products(Product_ID,Product_Name,Category_ID,Price,Stock) VALUES (71,'Product_71',4,543.96,490);
INSERT INTO products(Product_ID,Product_Name,Category_ID,Price,Stock) VALUES (72,'Product_72',6,431.19,412);
INSERT INTO products(Product_ID,Product_Name,Category_ID,Price,Stock) VALUES (73,'Product_73',34,805.31,88);
INSERT INTO products(Product_ID,Product_Name,Category_ID,Price,Stock) VALUES (74,'Product_74',22,173.18,283);
INSERT INTO products(Product_ID,Product_Name,Category_ID,Price,Stock) VALUES (75,'Product_75',6,617.46,467);
INSERT INTO products(Product_ID,Product_Name,Category_ID,Price,Stock) VALUES (76,'Product_76',3,128.61,465);
INSERT INTO products(Product_ID,Product_Name,Category_ID,Price,Stock) VALUES (77,'Product_77',1,666.25,385);
INSERT INTO products(Product_ID,Product_Name,Category_ID,Price,Stock) VALUES (78,'Product_78',31,9.27,18);
INSERT INTO products(Product_ID,Product_Name,Category_ID,Price,Stock) VALUES (79,'Product_79',26,355.33,329);
INSERT INTO products(Product_ID,Product_Name,Category_ID,Price,Stock) VALUES (80,'Product_80',42,194.78,437);
INSERT INTO products(Product_ID,Product_Name,Category_ID,Price,Stock) VALUES (81,'Product_81',26,560.16,404);
INSERT INTO products(Product_ID,Product_Name,Category_ID,Price,Stock) VALUES (82,'Product_82',26,454.72,199);
INSERT INTO products(Product_ID,Product_Name,Category_ID,Price,Stock) VALUES (83,'Product_83',35,609,83);
INSERT INTO products(Product_ID,Product_Name,Category_ID,Price,Stock) VALUES (84,'Product_84',5,282.66,407);
INSERT INTO products(Product_ID,Product_Name,Category_ID,Price,Stock) VALUES (85,'Product_85',29,307.17,249);
INSERT INTO products(Product_ID,Product_Name,Category_ID,Price,Stock) VALUES (86,'Product_86',15,847.7,12);
INSERT INTO products(Product_ID,Product_Name,Category_ID,Price,Stock) VALUES (87,'Product_87',1,703.43,94);
INSERT INTO products(Product_ID,Product_Name,Category_ID,Price,Stock) VALUES (88,'Product_88',49,343.48,150);
INSERT INTO products(Product_ID,Product_Name,Category_ID,Price,Stock) VALUES (89,'Product_89',39,826.1,271);
INSERT INTO products(Product_ID,Product_Name,Category_ID,Price,Stock) VALUES (90,'Product_90',38,329.83,311);
INSERT INTO products(Product_ID,Product_Name,Category_ID,Price,Stock) VALUES (91,'Product_91',42,700,338);
INSERT INTO products(Product_ID,Product_Name,Category_ID,Price,Stock) VALUES (92,'Product_92',6,838.47,290);
INSERT INTO products(Product_ID,Product_Name,Category_ID,Price,Stock) VALUES (93,'Product_93',18,259.72,87);
INSERT INTO products(Product_ID,Product_Name,Category_ID,Price,Stock) VALUES (94,'Product_94',41,555.78,313);
INSERT INTO products(Product_ID,Product_Name,Category_ID,Price,Stock) VALUES (95,'Product_95',42,482.98,206);
INSERT INTO products(Product_ID,Product_Name,Category_ID,Price,Stock) VALUES (96,'Product_96',43,151.49,325);
INSERT INTO products(Product_ID,Product_Name,Category_ID,Price,Stock) VALUES (97,'Product_97',20,56.32,45);
INSERT INTO products(Product_ID,Product_Name,Category_ID,Price,Stock) VALUES (98,'Product_98',35,458.29,86);
INSERT INTO products(Product_ID,Product_Name,Category_ID,Price,Stock) VALUES (99,'Product_99',39,199.02,5);
INSERT INTO products(Product_ID,Product_Name,Category_ID,Price,Stock) VALUES (100,'Product_100',49,84.15,126);
INSERT INTO products(Product_ID,Product_Name,Category_ID,Price,Stock) VALUES (101,'Product_101',43,905.19,326);
INSERT INTO products(Product_ID,Product_Name,Category_ID,Price,Stock) VALUES (102,'Product_102',31,13.84,85);
INSERT INTO products(Product_ID,Product_Name,Category_ID,Price,Stock) VALUES (103,'Product_103',19,322.6,174);
INSERT INTO products(Product_ID,Product_Name,Category_ID,Price,Stock) VALUES (104,'Product_104',3,807.03,6);
INSERT INTO products(Product_ID,Product_Name,Category_ID,Price,Stock) VALUES (105,'Product_105',19,478.28,100);
INSERT INTO products(Product_ID,Product_Name,Category_ID,Price,Stock) VALUES (106,'Product_106',29,122.71,106);
INSERT INTO products(Product_ID,Product_Name,Category_ID,Price,Stock) VALUES (107,'Product_107',34,720.35,468);
INSERT INTO products(Product_ID,Product_Name,Category_ID,Price,Stock) VALUES (108,'Product_108',46,180.55,263);
INSERT INTO products(Product_ID,Product_Name,Category_ID,Price,Stock) VALUES (109,'Product_109',46,292.18,124);
INSERT INTO products(Product_ID,Product_Name,Category_ID,Price,Stock) VALUES (110,'Product_110',36,570.87,57);
INSERT INTO products(Product_ID,Product_Name,Category_ID,Price,Stock) VALUES (111,'Product_111',37,901.04,186);
INSERT INTO products(Product_ID,Product_Name,Category_ID,Price,Stock) VALUES (112,'Product_112',50,892.41,23);
INSERT INTO products(Product_ID,Product_Name,Category_ID,Price,Stock) VALUES (113,'Product_113',43,502.76,318);
INSERT INTO products(Product_ID,Product_Name,Category_ID,Price,Stock) VALUES (114,'Product_114',35,407.07,229);
INSERT INTO products(Product_ID,Product_Name,Category_ID,Price,Stock) VALUES (115,'Product_115',18,89.89,16);
INSERT INTO products(Product_ID,Product_Name,Category_ID,Price,Stock) VALUES (116,'Product_116',21,415.51,394);
INSERT INTO products(Product_ID,Product_Name,Category_ID,Price,Stock) VALUES (117,'Product_117',20,331.1,461);
INSERT INTO products(Product_ID,Product_Name,Category_ID,Price,Stock) VALUES (118,'Product_118',18,548.42,158);
INSERT INTO products(Product_ID,Product_Name,Category_ID,Price,Stock) VALUES (119,'Product_119',36,367.8,119);
INSERT INTO products(Product_ID,Product_Name,Category_ID,Price,Stock) VALUES (120,'Product_120',15,376.93,92);
INSERT INTO products(Product_ID,Product_Name,Category_ID,Price,Stock) VALUES (121,'Product_121',3,124.02,329);
INSERT INTO products(Product_ID,Product_Name,Category_ID,Price,Stock) VALUES (122,'Product_122',11,508.54,9);
INSERT INTO products(Product_ID,Product_Name,Category_ID,Price,Stock) VALUES (123,'Product_123',39,94.42,114);
INSERT INTO products(Product_ID,Product_Name,Category_ID,Price,Stock) VALUES (124,'Product_124',19,601.92,319);
INSERT INTO products(Product_ID,Product_Name,Category_ID,Price,Stock) VALUES (125,'Product_125',49,508.65,56);
INSERT INTO products(Product_ID,Product_Name,Category_ID,Price,Stock) VALUES (126,'Product_126',11,348.94,471);
INSERT INTO products(Product_ID,Product_Name,Category_ID,Price,Stock) VALUES (127,'Product_127',45,239.27,45);
INSERT INTO products(Product_ID,Product_Name,Category_ID,Price,Stock) VALUES (128,'Product_128',25,56.48,44);
INSERT INTO products(Product_ID,Product_Name,Category_ID,Price,Stock) VALUES (129,'Product_129',48,573.73,408);
INSERT INTO products(Product_ID,Product_Name,Category_ID,Price,Stock) VALUES (130,'Product_130',2,433.94,180);
INSERT INTO products(Product_ID,Product_Name,Category_ID,Price,Stock) VALUES (131,'Product_131',43,722.32,358);
INSERT INTO products(Product_ID,Product_Name,Category_ID,Price,Stock) VALUES (132,'Product_132',41,110.75,80);
INSERT INTO products(Product_ID,Product_Name,Category_ID,Price,Stock) VALUES (133,'Product_133',21,809.8,313);
INSERT INTO products(Product_ID,Product_Name,Category_ID,Price,Stock) VALUES (134,'Product_134',15,475.23,6);
INSERT INTO products(Product_ID,Product_Name,Category_ID,Price,Stock) VALUES (135,'Product_135',26,831.97,99);
INSERT INTO products(Product_ID,Product_Name,Category_ID,Price,Stock) VALUES (136,'Product_136',19,462.9,435);
INSERT INTO products(Product_ID,Product_Name,Category_ID,Price,Stock) VALUES (137,'Product_137',15,408.59,477);
INSERT INTO products(Product_ID,Product_Name,Category_ID,Price,Stock) VALUES (138,'Product_138',46,52.71,372);
INSERT INTO products(Product_ID,Product_Name,Category_ID,Price,Stock) VALUES (139,'Product_139',26,345.46,365);
INSERT INTO products(Product_ID,Product_Name,Category_ID,Price,Stock) VALUES (140,'Product_140',47,305.65,206);
INSERT INTO products(Product_ID,Product_Name,Category_ID,Price,Stock) VALUES (141,'Product_141',26,174.71,168);
INSERT INTO products(Product_ID,Product_Name,Category_ID,Price,Stock) VALUES (142,'Product_142',50,747.26,422);
INSERT INTO products(Product_ID,Product_Name,Category_ID,Price,Stock) VALUES (143,'Product_143',33,814.37,297);
INSERT INTO products(Product_ID,Product_Name,Category_ID,Price,Stock) VALUES (144,'Product_144',17,876.04,94);
INSERT INTO products(Product_ID,Product_Name,Category_ID,Price,Stock) VALUES (145,'Product_145',34,929.55,497);
INSERT INTO products(Product_ID,Product_Name,Category_ID,Price,Stock) VALUES (146,'Product_146',15,188.28,372);
INSERT INTO products(Product_ID,Product_Name,Category_ID,Price,Stock) VALUES (147,'Product_147',32,316.71,14);
INSERT INTO products(Product_ID,Product_Name,Category_ID,Price,Stock) VALUES (148,'Product_148',6,382.32,200);
INSERT INTO products(Product_ID,Product_Name,Category_ID,Price,Stock) VALUES (149,'Product_149',16,676.31,27);
INSERT INTO products(Product_ID,Product_Name,Category_ID,Price,Stock) VALUES (150,'Product_150',22,680.76,391);
INSERT INTO products(Product_ID,Product_Name,Category_ID,Price,Stock) VALUES (151,'Product_151',10,674.07,274);
INSERT INTO products(Product_ID,Product_Name,Category_ID,Price,Stock) VALUES (152,'Product_152',41,393.25,305);
INSERT INTO products(Product_ID,Product_Name,Category_ID,Price,Stock) VALUES (153,'Product_153',24,659.91,481);
INSERT INTO products(Product_ID,Product_Name,Category_ID,Price,Stock) VALUES (154,'Product_154',44,555.83,34);
INSERT INTO products(Product_ID,Product_Name,Category_ID,Price,Stock) VALUES (155,'Product_155',1,147.21,350);
INSERT INTO products(Product_ID,Product_Name,Category_ID,Price,Stock) VALUES (156,'Product_156',35,68.94,311);
INSERT INTO products(Product_ID,Product_Name,Category_ID,Price,Stock) VALUES (157,'Product_157',49,157.5,127);
INSERT INTO products(Product_ID,Product_Name,Category_ID,Price,Stock) VALUES (158,'Product_158',16,146.48,229);
INSERT INTO products(Product_ID,Product_Name,Category_ID,Price,Stock) VALUES (159,'Product_159',45,283.05,166);
INSERT INTO products(Product_ID,Product_Name,Category_ID,Price,Stock) VALUES (160,'Product_160',1,232.28,468);
INSERT INTO products(Product_ID,Product_Name,Category_ID,Price,Stock) VALUES (161,'Product_161',36,493.53,185);
INSERT INTO products(Product_ID,Product_Name,Category_ID,Price,Stock) VALUES (162,'Product_162',17,996.83,224);
INSERT INTO products(Product_ID,Product_Name,Category_ID,Price,Stock) VALUES (163,'Product_163',4,251.68,142);
INSERT INTO products(Product_ID,Product_Name,Category_ID,Price,Stock) VALUES (164,'Product_164',30,344.99,432);
INSERT INTO products(Product_ID,Product_Name,Category_ID,Price,Stock) VALUES (165,'Product_165',13,439.1,103);
INSERT INTO products(Product_ID,Product_Name,Category_ID,Price,Stock) VALUES (166,'Product_166',1,277.93,83);
INSERT INTO products(Product_ID,Product_Name,Category_ID,Price,Stock) VALUES (167,'Product_167',46,105.78,205);
INSERT INTO products(Product_ID,Product_Name,Category_ID,Price,Stock) VALUES (168,'Product_168',10,373.3,328);
INSERT INTO products(Product_ID,Product_Name,Category_ID,Price,Stock) VALUES (169,'Product_169',2,906.31,334);
INSERT INTO products(Product_ID,Product_Name,Category_ID,Price,Stock) VALUES (170,'Product_170',38,631.55,24);
INSERT INTO products(Product_ID,Product_Name,Category_ID,Price,Stock) VALUES (171,'Product_171',12,495.81,346);
INSERT INTO products(Product_ID,Product_Name,Category_ID,Price,Stock) VALUES (172,'Product_172',43,10.91,404);
INSERT INTO products(Product_ID,Product_Name,Category_ID,Price,Stock) VALUES (173,'Product_173',11,798.8,240);
INSERT INTO products(Product_ID,Product_Name,Category_ID,Price,Stock) VALUES (174,'Product_174',34,698.2,168);
INSERT INTO products(Product_ID,Product_Name,Category_ID,Price,Stock) VALUES (175,'Product_175',9,423.9,167);
INSERT INTO products(Product_ID,Product_Name,Category_ID,Price,Stock) VALUES (176,'Product_176',30,305.28,430);
INSERT INTO products(Product_ID,Product_Name,Category_ID,Price,Stock) VALUES (177,'Product_177',5,642.35,422);
INSERT INTO products(Product_ID,Product_Name,Category_ID,Price,Stock) VALUES (178,'Product_178',28,65.19,289);
INSERT INTO products(Product_ID,Product_Name,Category_ID,Price,Stock) VALUES (179,'Product_179',40,132.07,413);
INSERT INTO products(Product_ID,Product_Name,Category_ID,Price,Stock) VALUES (180,'Product_180',22,54.27,300);
INSERT INTO products(Product_ID,Product_Name,Category_ID,Price,Stock) VALUES (181,'Product_181',13,735.52,196);
INSERT INTO products(Product_ID,Product_Name,Category_ID,Price,Stock) VALUES (182,'Product_182',21,729.88,129);
INSERT INTO products(Product_ID,Product_Name,Category_ID,Price,Stock) VALUES (183,'Product_183',16,307.48,263);
INSERT INTO products(Product_ID,Product_Name,Category_ID,Price,Stock) VALUES (184,'Product_184',31,81.07,324);
INSERT INTO products(Product_ID,Product_Name,Category_ID,Price,Stock) VALUES (185,'Product_185',27,315.96,368);
INSERT INTO products(Product_ID,Product_Name,Category_ID,Price,Stock) VALUES (186,'Product_186',23,199.34,255);
INSERT INTO products(Product_ID,Product_Name,Category_ID,Price,Stock) VALUES (187,'Product_187',19,267.89,127);
INSERT INTO products(Product_ID,Product_Name,Category_ID,Price,Stock) VALUES (188,'Product_188',27,311.62,77);
INSERT INTO products(Product_ID,Product_Name,Category_ID,Price,Stock) VALUES (189,'Product_189',10,780.97,211);
INSERT INTO products(Product_ID,Product_Name,Category_ID,Price,Stock) VALUES (190,'Product_190',21,520.88,288);
INSERT INTO products(Product_ID,Product_Name,Category_ID,Price,Stock) VALUES (191,'Product_191',30,107.06,207);
INSERT INTO products(Product_ID,Product_Name,Category_ID,Price,Stock) VALUES (192,'Product_192',29,554.25,191);
INSERT INTO products(Product_ID,Product_Name,Category_ID,Price,Stock) VALUES (193,'Product_193',34,120.78,165);
INSERT INTO products(Product_ID,Product_Name,Category_ID,Price,Stock) VALUES (194,'Product_194',48,785.86,109);
INSERT INTO products(Product_ID,Product_Name,Category_ID,Price,Stock) VALUES (195,'Product_195',28,332.55,343);
INSERT INTO products(Product_ID,Product_Name,Category_ID,Price,Stock) VALUES (196,'Product_196',6,30.03,351);
INSERT INTO products(Product_ID,Product_Name,Category_ID,Price,Stock) VALUES (197,'Product_197',41,253.21,33);
INSERT INTO products(Product_ID,Product_Name,Category_ID,Price,Stock) VALUES (198,'Product_198',15,354.53,48);
INSERT INTO products(Product_ID,Product_Name,Category_ID,Price,Stock) VALUES (199,'Product_199',18,133.27,71);
INSERT INTO products(Product_ID,Product_Name,Category_ID,Price,Stock) VALUES (200,'Product_200',24,69.03,467);
INSERT INTO products(Product_ID,Product_Name,Category_ID,Price,Stock) VALUES (201,'Product_201',42,750,395);
INSERT INTO products(Product_ID,Product_Name,Category_ID,Price,Stock) VALUES (202,'Product_202',37,691,424);
INSERT INTO products(Product_ID,Product_Name,Category_ID,Price,Stock) VALUES (203,'Product_203',49,491.18,362);
INSERT INTO products(Product_ID,Product_Name,Category_ID,Price,Stock) VALUES (204,'Product_204',27,235.93,323);
INSERT INTO products(Product_ID,Product_Name,Category_ID,Price,Stock) VALUES (205,'Product_205',19,566.08,253);
INSERT INTO products(Product_ID,Product_Name,Category_ID,Price,Stock) VALUES (206,'Product_206',21,565.09,137);
INSERT INTO products(Product_ID,Product_Name,Category_ID,Price,Stock) VALUES (207,'Product_207',10,761.15,222);
INSERT INTO products(Product_ID,Product_Name,Category_ID,Price,Stock) VALUES (208,'Product_208',50,635.66,401);
INSERT INTO products(Product_ID,Product_Name,Category_ID,Price,Stock) VALUES (209,'Product_209',1,772.36,191);
INSERT INTO products(Product_ID,Product_Name,Category_ID,Price,Stock) VALUES (210,'Product_210',15,563.62,319);
INSERT INTO products(Product_ID,Product_Name,Category_ID,Price,Stock) VALUES (211,'Product_211',39,719.58,193);
INSERT INTO products(Product_ID,Product_Name,Category_ID,Price,Stock) VALUES (212,'Product_212',34,996.77,25);
INSERT INTO products(Product_ID,Product_Name,Category_ID,Price,Stock) VALUES (213,'Product_213',9,285.16,396);
INSERT INTO products(Product_ID,Product_Name,Category_ID,Price,Stock) VALUES (214,'Product_214',28,254.45,271);
INSERT INTO products(Product_ID,Product_Name,Category_ID,Price,Stock) VALUES (215,'Product_215',50,168.76,345);
INSERT INTO products(Product_ID,Product_Name,Category_ID,Price,Stock) VALUES (216,'Product_216',17,539.35,435);
INSERT INTO products(Product_ID,Product_Name,Category_ID,Price,Stock) VALUES (217,'Product_217',19,805.63,36);
INSERT INTO products(Product_ID,Product_Name,Category_ID,Price,Stock) VALUES (218,'Product_218',49,191.48,311);
INSERT INTO products(Product_ID,Product_Name,Category_ID,Price,Stock) VALUES (219,'Product_219',48,728.52,281);
INSERT INTO products(Product_ID,Product_Name,Category_ID,Price,Stock) VALUES (220,'Product_220',12,156.55,496);
INSERT INTO products(Product_ID,Product_Name,Category_ID,Price,Stock) VALUES (221,'Product_221',28,380.87,61);
INSERT INTO products(Product_ID,Product_Name,Category_ID,Price,Stock) VALUES (222,'Product_222',20,304.55,196);
INSERT INTO products(Product_ID,Product_Name,Category_ID,Price,Stock) VALUES (223,'Product_223',18,110.72,365);
INSERT INTO products(Product_ID,Product_Name,Category_ID,Price,Stock) VALUES (224,'Product_224',6,522.44,445);
INSERT INTO products(Product_ID,Product_Name,Category_ID,Price,Stock) VALUES (225,'Product_225',46,893.82,463);
INSERT INTO products(Product_ID,Product_Name,Category_ID,Price,Stock) VALUES (226,'Product_226',32,70.67,31);
INSERT INTO products(Product_ID,Product_Name,Category_ID,Price,Stock) VALUES (227,'Product_227',26,270.19,379);
INSERT INTO products(Product_ID,Product_Name,Category_ID,Price,Stock) VALUES (228,'Product_228',28,628.19,394);
INSERT INTO products(Product_ID,Product_Name,Category_ID,Price,Stock) VALUES (229,'Product_229',15,827.44,208);
INSERT INTO products(Product_ID,Product_Name,Category_ID,Price,Stock) VALUES (230,'Product_230',37,33.78,210);
INSERT INTO products(Product_ID,Product_Name,Category_ID,Price,Stock) VALUES (231,'Product_231',26,38.5,293);
INSERT INTO products(Product_ID,Product_Name,Category_ID,Price,Stock) VALUES (232,'Product_232',45,333.44,334);
INSERT INTO products(Product_ID,Product_Name,Category_ID,Price,Stock) VALUES (233,'Product_233',5,104.37,445);
INSERT INTO products(Product_ID,Product_Name,Category_ID,Price,Stock) VALUES (234,'Product_234',38,469.78,375);
INSERT INTO products(Product_ID,Product_Name,Category_ID,Price,Stock) VALUES (235,'Product_235',30,461.48,272);
INSERT INTO products(Product_ID,Product_Name,Category_ID,Price,Stock) VALUES (236,'Product_236',46,750.97,192);
INSERT INTO products(Product_ID,Product_Name,Category_ID,Price,Stock) VALUES (237,'Product_237',31,912.55,417);
INSERT INTO products(Product_ID,Product_Name,Category_ID,Price,Stock) VALUES (238,'Product_238',12,277.21,448);
INSERT INTO products(Product_ID,Product_Name,Category_ID,Price,Stock) VALUES (239,'Product_239',2,718.54,416);
INSERT INTO products(Product_ID,Product_Name,Category_ID,Price,Stock) VALUES (240,'Product_240',33,660.63,374);
INSERT INTO products(Product_ID,Product_Name,Category_ID,Price,Stock) VALUES (241,'Product_241',39,297.93,406);
INSERT INTO products(Product_ID,Product_Name,Category_ID,Price,Stock) VALUES (242,'Product_242',9,316.63,343);
INSERT INTO products(Product_ID,Product_Name,Category_ID,Price,Stock) VALUES (243,'Product_243',23,943.64,302);
INSERT INTO products(Product_ID,Product_Name,Category_ID,Price,Stock) VALUES (244,'Product_244',29,719.74,355);
INSERT INTO products(Product_ID,Product_Name,Category_ID,Price,Stock) VALUES (245,'Product_245',42,450.17,441);
INSERT INTO products(Product_ID,Product_Name,Category_ID,Price,Stock) VALUES (246,'Product_246',43,527.85,150);
INSERT INTO products(Product_ID,Product_Name,Category_ID,Price,Stock) VALUES (247,'Product_247',41,656.23,102);
INSERT INTO products(Product_ID,Product_Name,Category_ID,Price,Stock) VALUES (248,'Product_248',37,475.93,154);
INSERT INTO products(Product_ID,Product_Name,Category_ID,Price,Stock) VALUES (249,'Product_249',5,514,459);
INSERT INTO products(Product_ID,Product_Name,Category_ID,Price,Stock) VALUES (250,'Product_250',42,306.52,21);
INSERT INTO products(Product_ID,Product_Name,Category_ID,Price,Stock) VALUES (251,'Product_251',18,912.62,86);
INSERT INTO products(Product_ID,Product_Name,Category_ID,Price,Stock) VALUES (252,'Product_252',4,139.24,281);
INSERT INTO products(Product_ID,Product_Name,Category_ID,Price,Stock) VALUES (253,'Product_253',9,756.36,390);
INSERT INTO products(Product_ID,Product_Name,Category_ID,Price,Stock) VALUES (254,'Product_254',23,748.22,289);
INSERT INTO products(Product_ID,Product_Name,Category_ID,Price,Stock) VALUES (255,'Product_255',46,425.74,339);
INSERT INTO products(Product_ID,Product_Name,Category_ID,Price,Stock) VALUES (256,'Product_256',7,349.59,135);
INSERT INTO products(Product_ID,Product_Name,Category_ID,Price,Stock) VALUES (257,'Product_257',24,290.72,199);
INSERT INTO products(Product_ID,Product_Name,Category_ID,Price,Stock) VALUES (258,'Product_258',6,791.21,272);
INSERT INTO products(Product_ID,Product_Name,Category_ID,Price,Stock) VALUES (259,'Product_259',38,834.81,125);
INSERT INTO products(Product_ID,Product_Name,Category_ID,Price,Stock) VALUES (260,'Product_260',34,597.24,417);
INSERT INTO products(Product_ID,Product_Name,Category_ID,Price,Stock) VALUES (261,'Product_261',43,815.7,302);
INSERT INTO products(Product_ID,Product_Name,Category_ID,Price,Stock) VALUES (262,'Product_262',40,181.33,65);
INSERT INTO products(Product_ID,Product_Name,Category_ID,Price,Stock) VALUES (263,'Product_263',42,513.74,144);
INSERT INTO products(Product_ID,Product_Name,Category_ID,Price,Stock) VALUES (264,'Product_264',31,359.28,123);
INSERT INTO products(Product_ID,Product_Name,Category_ID,Price,Stock) VALUES (265,'Product_265',35,102.63,173);
INSERT INTO products(Product_ID,Product_Name,Category_ID,Price,Stock) VALUES (266,'Product_266',9,857.48,254);
INSERT INTO products(Product_ID,Product_Name,Category_ID,Price,Stock) VALUES (267,'Product_267',22,721.65,90);
INSERT INTO products(Product_ID,Product_Name,Category_ID,Price,Stock) VALUES (268,'Product_268',20,34.04,358);
INSERT INTO products(Product_ID,Product_Name,Category_ID,Price,Stock) VALUES (269,'Product_269',42,629.41,178);
INSERT INTO products(Product_ID,Product_Name,Category_ID,Price,Stock) VALUES (270,'Product_270',34,879.52,364);
INSERT INTO products(Product_ID,Product_Name,Category_ID,Price,Stock) VALUES (271,'Product_271',16,891.74,371);
INSERT INTO products(Product_ID,Product_Name,Category_ID,Price,Stock) VALUES (272,'Product_272',31,182.01,4);
INSERT INTO products(Product_ID,Product_Name,Category_ID,Price,Stock) VALUES (273,'Product_273',36,178.36,395);
INSERT INTO products(Product_ID,Product_Name,Category_ID,Price,Stock) VALUES (274,'Product_274',43,756.52,77);
INSERT INTO products(Product_ID,Product_Name,Category_ID,Price,Stock) VALUES (275,'Product_275',15,345.47,447);
INSERT INTO products(Product_ID,Product_Name,Category_ID,Price,Stock) VALUES (276,'Product_276',30,806.88,219);
INSERT INTO products(Product_ID,Product_Name,Category_ID,Price,Stock) VALUES (277,'Product_277',43,518.05,370);
INSERT INTO products(Product_ID,Product_Name,Category_ID,Price,Stock) VALUES (278,'Product_278',50,728.69,166);
INSERT INTO products(Product_ID,Product_Name,Category_ID,Price,Stock) VALUES (279,'Product_279',42,952.77,361);
INSERT INTO products(Product_ID,Product_Name,Category_ID,Price,Stock) VALUES (280,'Product_280',16,628.03,253);
INSERT INTO products(Product_ID,Product_Name,Category_ID,Price,Stock) VALUES (281,'Product_281',9,601.69,94);
INSERT INTO products(Product_ID,Product_Name,Category_ID,Price,Stock) VALUES (282,'Product_282',2,145.85,267);
INSERT INTO products(Product_ID,Product_Name,Category_ID,Price,Stock) VALUES (283,'Product_283',6,18.05,239);
INSERT INTO products(Product_ID,Product_Name,Category_ID,Price,Stock) VALUES (284,'Product_284',41,100.02,1);
INSERT INTO products(Product_ID,Product_Name,Category_ID,Price,Stock) VALUES (285,'Product_285',15,16.52,280);
INSERT INTO products(Product_ID,Product_Name,Category_ID,Price,Stock) VALUES (286,'Product_286',11,545.91,421);
INSERT INTO products(Product_ID,Product_Name,Category_ID,Price,Stock) VALUES (287,'Product_287',22,860.39,52);
INSERT INTO products(Product_ID,Product_Name,Category_ID,Price,Stock) VALUES (288,'Product_288',4,443.06,179);
INSERT INTO products(Product_ID,Product_Name,Category_ID,Price,Stock) VALUES (289,'Product_289',40,295.43,1);
INSERT INTO products(Product_ID,Product_Name,Category_ID,Price,Stock) VALUES (290,'Product_290',5,580.91,10);
INSERT INTO products(Product_ID,Product_Name,Category_ID,Price,Stock) VALUES (291,'Product_291',25,487.49,153);
INSERT INTO products(Product_ID,Product_Name,Category_ID,Price,Stock) VALUES (292,'Product_292',35,485.95,435);
INSERT INTO products(Product_ID,Product_Name,Category_ID,Price,Stock) VALUES (293,'Product_293',49,716.77,467);
INSERT INTO products(Product_ID,Product_Name,Category_ID,Price,Stock) VALUES (294,'Product_294',7,706.39,479);
INSERT INTO products(Product_ID,Product_Name,Category_ID,Price,Stock) VALUES (295,'Product_295',21,492.4,332);
INSERT INTO products(Product_ID,Product_Name,Category_ID,Price,Stock) VALUES (296,'Product_296',14,783.08,11);
INSERT INTO products(Product_ID,Product_Name,Category_ID,Price,Stock) VALUES (297,'Product_297',2,776.85,268);
INSERT INTO products(Product_ID,Product_Name,Category_ID,Price,Stock) VALUES (298,'Product_298',24,476.9,294);
INSERT INTO products(Product_ID,Product_Name,Category_ID,Price,Stock) VALUES (299,'Product_299',35,439.65,297);
INSERT INTO products(Product_ID,Product_Name,Category_ID,Price,Stock) VALUES (300,'Product_300',46,745.8,333);
INSERT INTO products(Product_ID,Product_Name,Category_ID,Price,Stock) VALUES (301,'Product_301',2,959.33,212);
INSERT INTO products(Product_ID,Product_Name,Category_ID,Price,Stock) VALUES (302,'Product_302',19,873.61,497);
INSERT INTO products(Product_ID,Product_Name,Category_ID,Price,Stock) VALUES (303,'Product_303',28,229.78,408);
INSERT INTO products(Product_ID,Product_Name,Category_ID,Price,Stock) VALUES (304,'Product_304',4,337.02,361);
INSERT INTO products(Product_ID,Product_Name,Category_ID,Price,Stock) VALUES (305,'Product_305',5,236.6,438);
INSERT INTO products(Product_ID,Product_Name,Category_ID,Price,Stock) VALUES (306,'Product_306',23,139.86,14);
INSERT INTO products(Product_ID,Product_Name,Category_ID,Price,Stock) VALUES (307,'Product_307',21,634.56,342);
INSERT INTO products(Product_ID,Product_Name,Category_ID,Price,Stock) VALUES (308,'Product_308',4,575.68,80);
INSERT INTO products(Product_ID,Product_Name,Category_ID,Price,Stock) VALUES (309,'Product_309',2,200.54,128);
INSERT INTO products(Product_ID,Product_Name,Category_ID,Price,Stock) VALUES (310,'Product_310',38,877.52,66);
INSERT INTO products(Product_ID,Product_Name,Category_ID,Price,Stock) VALUES (311,'Product_311',6,11.4,99);
INSERT INTO products(Product_ID,Product_Name,Category_ID,Price,Stock) VALUES (312,'Product_312',17,416.44,355);
INSERT INTO products(Product_ID,Product_Name,Category_ID,Price,Stock) VALUES (313,'Product_313',10,447.82,406);
INSERT INTO products(Product_ID,Product_Name,Category_ID,Price,Stock) VALUES (314,'Product_314',35,393.83,334);
INSERT INTO products(Product_ID,Product_Name,Category_ID,Price,Stock) VALUES (315,'Product_315',50,490.74,191);
INSERT INTO products(Product_ID,Product_Name,Category_ID,Price,Stock) VALUES (316,'Product_316',14,590.94,364);
INSERT INTO products(Product_ID,Product_Name,Category_ID,Price,Stock) VALUES (317,'Product_317',34,373.63,192);
INSERT INTO products(Product_ID,Product_Name,Category_ID,Price,Stock) VALUES (318,'Product_318',2,615.48,152);
INSERT INTO products(Product_ID,Product_Name,Category_ID,Price,Stock) VALUES (319,'Product_319',25,706.81,94);
INSERT INTO products(Product_ID,Product_Name,Category_ID,Price,Stock) VALUES (320,'Product_320',26,259.24,327);
INSERT INTO products(Product_ID,Product_Name,Category_ID,Price,Stock) VALUES (321,'Product_321',44,125.3,468);
INSERT INTO products(Product_ID,Product_Name,Category_ID,Price,Stock) VALUES (322,'Product_322',14,28.14,84);
INSERT INTO products(Product_ID,Product_Name,Category_ID,Price,Stock) VALUES (323,'Product_323',42,861.34,0);
INSERT INTO products(Product_ID,Product_Name,Category_ID,Price,Stock) VALUES (324,'Product_324',19,773.45,374);
INSERT INTO products(Product_ID,Product_Name,Category_ID,Price,Stock) VALUES (325,'Product_325',13,647.23,355);
INSERT INTO products(Product_ID,Product_Name,Category_ID,Price,Stock) VALUES (326,'Product_326',32,21.02,396);
INSERT INTO products(Product_ID,Product_Name,Category_ID,Price,Stock) VALUES (327,'Product_327',42,40.16,470);
INSERT INTO products(Product_ID,Product_Name,Category_ID,Price,Stock) VALUES (328,'Product_328',5,465.04,80);
INSERT INTO products(Product_ID,Product_Name,Category_ID,Price,Stock) VALUES (329,'Product_329',3,858.68,83);
INSERT INTO products(Product_ID,Product_Name,Category_ID,Price,Stock) VALUES (330,'Product_330',21,212.54,168);
INSERT INTO products(Product_ID,Product_Name,Category_ID,Price,Stock) VALUES (331,'Product_331',15,111.36,296);
INSERT INTO products(Product_ID,Product_Name,Category_ID,Price,Stock) VALUES (332,'Product_332',8,686.18,47);
INSERT INTO products(Product_ID,Product_Name,Category_ID,Price,Stock) VALUES (333,'Product_333',41,779.84,10);
INSERT INTO products(Product_ID,Product_Name,Category_ID,Price,Stock) VALUES (334,'Product_334',42,620.08,386);
INSERT INTO products(Product_ID,Product_Name,Category_ID,Price,Stock) VALUES (335,'Product_335',27,584.15,263);
INSERT INTO products(Product_ID,Product_Name,Category_ID,Price,Stock) VALUES (336,'Product_336',13,263.14,492);
INSERT INTO products(Product_ID,Product_Name,Category_ID,Price,Stock) VALUES (337,'Product_337',6,760.91,448);
INSERT INTO products(Product_ID,Product_Name,Category_ID,Price,Stock) VALUES (338,'Product_338',4,157.84,94);
INSERT INTO products(Product_ID,Product_Name,Category_ID,Price,Stock) VALUES (339,'Product_339',13,775.99,81);
INSERT INTO products(Product_ID,Product_Name,Category_ID,Price,Stock) VALUES (340,'Product_340',10,499.57,119);
INSERT INTO products(Product_ID,Product_Name,Category_ID,Price,Stock) VALUES (341,'Product_341',41,28.93,312);
INSERT INTO products(Product_ID,Product_Name,Category_ID,Price,Stock) VALUES (342,'Product_342',33,838.64,490);
INSERT INTO products(Product_ID,Product_Name,Category_ID,Price,Stock) VALUES (343,'Product_343',16,406.2,453);
INSERT INTO products(Product_ID,Product_Name,Category_ID,Price,Stock) VALUES (344,'Product_344',17,755.45,492);
INSERT INTO products(Product_ID,Product_Name,Category_ID,Price,Stock) VALUES (345,'Product_345',6,676.92,427);
INSERT INTO products(Product_ID,Product_Name,Category_ID,Price,Stock) VALUES (346,'Product_346',46,296.35,268);
INSERT INTO products(Product_ID,Product_Name,Category_ID,Price,Stock) VALUES (347,'Product_347',37,531.68,343);
INSERT INTO products(Product_ID,Product_Name,Category_ID,Price,Stock) VALUES (348,'Product_348',40,286.45,152);
INSERT INTO products(Product_ID,Product_Name,Category_ID,Price,Stock) VALUES (349,'Product_349',46,200.11,193);
INSERT INTO products(Product_ID,Product_Name,Category_ID,Price,Stock) VALUES (350,'Product_350',30,793.98,226);
INSERT INTO products(Product_ID,Product_Name,Category_ID,Price,Stock) VALUES (351,'Product_351',37,296.18,153);
INSERT INTO products(Product_ID,Product_Name,Category_ID,Price,Stock) VALUES (352,'Product_352',9,55.12,172);
INSERT INTO products(Product_ID,Product_Name,Category_ID,Price,Stock) VALUES (353,'Product_353',22,793.83,3);
INSERT INTO products(Product_ID,Product_Name,Category_ID,Price,Stock) VALUES (354,'Product_354',24,191.86,271);
INSERT INTO products(Product_ID,Product_Name,Category_ID,Price,Stock) VALUES (355,'Product_355',13,813.23,8);
INSERT INTO products(Product_ID,Product_Name,Category_ID,Price,Stock) VALUES (356,'Product_356',15,432.14,106);
INSERT INTO products(Product_ID,Product_Name,Category_ID,Price,Stock) VALUES (357,'Product_357',36,547.15,70);
INSERT INTO products(Product_ID,Product_Name,Category_ID,Price,Stock) VALUES (358,'Product_358',39,323.09,408);
INSERT INTO products(Product_ID,Product_Name,Category_ID,Price,Stock) VALUES (359,'Product_359',45,655.48,270);
INSERT INTO products(Product_ID,Product_Name,Category_ID,Price,Stock) VALUES (360,'Product_360',28,104.91,370);
INSERT INTO products(Product_ID,Product_Name,Category_ID,Price,Stock) VALUES (361,'Product_361',42,213.65,403);
INSERT INTO products(Product_ID,Product_Name,Category_ID,Price,Stock) VALUES (362,'Product_362',31,328.07,240);
INSERT INTO products(Product_ID,Product_Name,Category_ID,Price,Stock) VALUES (363,'Product_363',4,738.75,181);
INSERT INTO products(Product_ID,Product_Name,Category_ID,Price,Stock) VALUES (364,'Product_364',30,787.06,258);
INSERT INTO products(Product_ID,Product_Name,Category_ID,Price,Stock) VALUES (365,'Product_365',10,350.23,270);
INSERT INTO products(Product_ID,Product_Name,Category_ID,Price,Stock) VALUES (366,'Product_366',15,46.36,49);
INSERT INTO products(Product_ID,Product_Name,Category_ID,Price,Stock) VALUES (367,'Product_367',17,596.47,362);
INSERT INTO products(Product_ID,Product_Name,Category_ID,Price,Stock) VALUES (368,'Product_368',41,465.53,346);
INSERT INTO products(Product_ID,Product_Name,Category_ID,Price,Stock) VALUES (369,'Product_369',6,180.63,453);
INSERT INTO products(Product_ID,Product_Name,Category_ID,Price,Stock) VALUES (370,'Product_370',30,934.28,37);
INSERT INTO products(Product_ID,Product_Name,Category_ID,Price,Stock) VALUES (371,'Product_371',41,622.13,308);
INSERT INTO products(Product_ID,Product_Name,Category_ID,Price,Stock) VALUES (372,'Product_372',27,671.61,5);
INSERT INTO products(Product_ID,Product_Name,Category_ID,Price,Stock) VALUES (373,'Product_373',31,883.37,94);
INSERT INTO products(Product_ID,Product_Name,Category_ID,Price,Stock) VALUES (374,'Product_374',5,21.09,10);
INSERT INTO products(Product_ID,Product_Name,Category_ID,Price,Stock) VALUES (375,'Product_375',9,78.49,162);
INSERT INTO products(Product_ID,Product_Name,Category_ID,Price,Stock) VALUES (376,'Product_376',49,375.22,384);
INSERT INTO products(Product_ID,Product_Name,Category_ID,Price,Stock) VALUES (377,'Product_377',14,986.52,334);
INSERT INTO products(Product_ID,Product_Name,Category_ID,Price,Stock) VALUES (378,'Product_378',12,950.6,267);
INSERT INTO products(Product_ID,Product_Name,Category_ID,Price,Stock) VALUES (379,'Product_379',31,220.97,296);
INSERT INTO products(Product_ID,Product_Name,Category_ID,Price,Stock) VALUES (380,'Product_380',34,32.23,220);
INSERT INTO products(Product_ID,Product_Name,Category_ID,Price,Stock) VALUES (381,'Product_381',24,185.93,154);
INSERT INTO products(Product_ID,Product_Name,Category_ID,Price,Stock) VALUES (382,'Product_382',4,621.12,131);
INSERT INTO products(Product_ID,Product_Name,Category_ID,Price,Stock) VALUES (383,'Product_383',1,487.11,128);
INSERT INTO products(Product_ID,Product_Name,Category_ID,Price,Stock) VALUES (384,'Product_384',38,386.19,235);
INSERT INTO products(Product_ID,Product_Name,Category_ID,Price,Stock) VALUES (385,'Product_385',19,933.8,6);
INSERT INTO products(Product_ID,Product_Name,Category_ID,Price,Stock) VALUES (386,'Product_386',37,131.74,221);
INSERT INTO products(Product_ID,Product_Name,Category_ID,Price,Stock) VALUES (387,'Product_387',22,924.67,363);
INSERT INTO products(Product_ID,Product_Name,Category_ID,Price,Stock) VALUES (388,'Product_388',30,693.35,191);
INSERT INTO products(Product_ID,Product_Name,Category_ID,Price,Stock) VALUES (389,'Product_389',50,840.57,290);
INSERT INTO products(Product_ID,Product_Name,Category_ID,Price,Stock) VALUES (390,'Product_390',44,167.53,116);
INSERT INTO products(Product_ID,Product_Name,Category_ID,Price,Stock) VALUES (391,'Product_391',1,684.3,473);
INSERT INTO products(Product_ID,Product_Name,Category_ID,Price,Stock) VALUES (392,'Product_392',42,923.84,351);
INSERT INTO products(Product_ID,Product_Name,Category_ID,Price,Stock) VALUES (393,'Product_393',25,935.23,136);
INSERT INTO products(Product_ID,Product_Name,Category_ID,Price,Stock) VALUES (394,'Product_394',8,313.34,208);
INSERT INTO products(Product_ID,Product_Name,Category_ID,Price,Stock) VALUES (395,'Product_395',40,498.31,149);
INSERT INTO products(Product_ID,Product_Name,Category_ID,Price,Stock) VALUES (396,'Product_396',49,39.4,454);
INSERT INTO products(Product_ID,Product_Name,Category_ID,Price,Stock) VALUES (397,'Product_397',8,991.9,360);
INSERT INTO products(Product_ID,Product_Name,Category_ID,Price,Stock) VALUES (398,'Product_398',10,566.55,74);
INSERT INTO products(Product_ID,Product_Name,Category_ID,Price,Stock) VALUES (399,'Product_399',35,590.4,27);
INSERT INTO products(Product_ID,Product_Name,Category_ID,Price,Stock) VALUES (400,'Product_400',28,225.34,262);
INSERT INTO products(Product_ID,Product_Name,Category_ID,Price,Stock) VALUES (401,'Product_401',6,190.72,101);
INSERT INTO products(Product_ID,Product_Name,Category_ID,Price,Stock) VALUES (402,'Product_402',26,51.13,24);
INSERT INTO products(Product_ID,Product_Name,Category_ID,Price,Stock) VALUES (403,'Product_403',47,144.38,28);
INSERT INTO products(Product_ID,Product_Name,Category_ID,Price,Stock) VALUES (404,'Product_404',18,668.32,438);
INSERT INTO products(Product_ID,Product_Name,Category_ID,Price,Stock) VALUES (405,'Product_405',4,573.84,171);
INSERT INTO products(Product_ID,Product_Name,Category_ID,Price,Stock) VALUES (406,'Product_406',49,496.05,207);
INSERT INTO products(Product_ID,Product_Name,Category_ID,Price,Stock) VALUES (407,'Product_407',14,65.52,461);
INSERT INTO products(Product_ID,Product_Name,Category_ID,Price,Stock) VALUES (408,'Product_408',49,757.81,277);
INSERT INTO products(Product_ID,Product_Name,Category_ID,Price,Stock) VALUES (409,'Product_409',14,980.33,22);
INSERT INTO products(Product_ID,Product_Name,Category_ID,Price,Stock) VALUES (410,'Product_410',37,729.95,60);
INSERT INTO products(Product_ID,Product_Name,Category_ID,Price,Stock) VALUES (411,'Product_411',23,15.19,432);
INSERT INTO products(Product_ID,Product_Name,Category_ID,Price,Stock) VALUES (412,'Product_412',41,193.53,318);
INSERT INTO products(Product_ID,Product_Name,Category_ID,Price,Stock) VALUES (413,'Product_413',46,835.9,488);
INSERT INTO products(Product_ID,Product_Name,Category_ID,Price,Stock) VALUES (414,'Product_414',26,276.9,21);
INSERT INTO products(Product_ID,Product_Name,Category_ID,Price,Stock) VALUES (415,'Product_415',7,399.42,73);
INSERT INTO products(Product_ID,Product_Name,Category_ID,Price,Stock) VALUES (416,'Product_416',14,198.26,49);
INSERT INTO products(Product_ID,Product_Name,Category_ID,Price,Stock) VALUES (417,'Product_417',25,746.73,170);
INSERT INTO products(Product_ID,Product_Name,Category_ID,Price,Stock) VALUES (418,'Product_418',25,712.51,393);
INSERT INTO products(Product_ID,Product_Name,Category_ID,Price,Stock) VALUES (419,'Product_419',39,362.34,74);
INSERT INTO products(Product_ID,Product_Name,Category_ID,Price,Stock) VALUES (420,'Product_420',37,617.1,454);
INSERT INTO products(Product_ID,Product_Name,Category_ID,Price,Stock) VALUES (421,'Product_421',40,544.12,483);
INSERT INTO products(Product_ID,Product_Name,Category_ID,Price,Stock) VALUES (422,'Product_422',30,534.93,305);
INSERT INTO products(Product_ID,Product_Name,Category_ID,Price,Stock) VALUES (423,'Product_423',10,47.11,220);
INSERT INTO products(Product_ID,Product_Name,Category_ID,Price,Stock) VALUES (424,'Product_424',31,444.38,243);
INSERT INTO products(Product_ID,Product_Name,Category_ID,Price,Stock) VALUES (425,'Product_425',48,21.3,451);
INSERT INTO products(Product_ID,Product_Name,Category_ID,Price,Stock) VALUES (426,'Product_426',49,983.83,497);
INSERT INTO products(Product_ID,Product_Name,Category_ID,Price,Stock) VALUES (427,'Product_427',41,970.59,56);
INSERT INTO products(Product_ID,Product_Name,Category_ID,Price,Stock) VALUES (428,'Product_428',41,379.6,346);
INSERT INTO products(Product_ID,Product_Name,Category_ID,Price,Stock) VALUES (429,'Product_429',45,563.2,255);
INSERT INTO products(Product_ID,Product_Name,Category_ID,Price,Stock) VALUES (430,'Product_430',2,518.13,192);
INSERT INTO products(Product_ID,Product_Name,Category_ID,Price,Stock) VALUES (431,'Product_431',49,652.34,52);
INSERT INTO products(Product_ID,Product_Name,Category_ID,Price,Stock) VALUES (432,'Product_432',39,408.16,494);
INSERT INTO products(Product_ID,Product_Name,Category_ID,Price,Stock) VALUES (433,'Product_433',19,168.29,165);
INSERT INTO products(Product_ID,Product_Name,Category_ID,Price,Stock) VALUES (434,'Product_434',32,489.02,7);
INSERT INTO products(Product_ID,Product_Name,Category_ID,Price,Stock) VALUES (435,'Product_435',36,895.93,230);
INSERT INTO products(Product_ID,Product_Name,Category_ID,Price,Stock) VALUES (436,'Product_436',36,180.77,279);
INSERT INTO products(Product_ID,Product_Name,Category_ID,Price,Stock) VALUES (437,'Product_437',25,312.64,462);
INSERT INTO products(Product_ID,Product_Name,Category_ID,Price,Stock) VALUES (438,'Product_438',4,106.31,340);
INSERT INTO products(Product_ID,Product_Name,Category_ID,Price,Stock) VALUES (439,'Product_439',10,292.31,492);
INSERT INTO products(Product_ID,Product_Name,Category_ID,Price,Stock) VALUES (440,'Product_440',49,894.55,347);
INSERT INTO products(Product_ID,Product_Name,Category_ID,Price,Stock) VALUES (441,'Product_441',27,294.66,448);
INSERT INTO products(Product_ID,Product_Name,Category_ID,Price,Stock) VALUES (442,'Product_442',16,461.51,283);
INSERT INTO products(Product_ID,Product_Name,Category_ID,Price,Stock) VALUES (443,'Product_443',37,68.08,63);
INSERT INTO products(Product_ID,Product_Name,Category_ID,Price,Stock) VALUES (444,'Product_444',15,672.99,126);
INSERT INTO products(Product_ID,Product_Name,Category_ID,Price,Stock) VALUES (445,'Product_445',10,627.7,355);
INSERT INTO products(Product_ID,Product_Name,Category_ID,Price,Stock) VALUES (446,'Product_446',20,968.88,104);
INSERT INTO products(Product_ID,Product_Name,Category_ID,Price,Stock) VALUES (447,'Product_447',23,501,494);
INSERT INTO products(Product_ID,Product_Name,Category_ID,Price,Stock) VALUES (448,'Product_448',41,147.09,72);
INSERT INTO products(Product_ID,Product_Name,Category_ID,Price,Stock) VALUES (449,'Product_449',20,738.82,36);
INSERT INTO products(Product_ID,Product_Name,Category_ID,Price,Stock) VALUES (450,'Product_450',45,620.54,168);
INSERT INTO products(Product_ID,Product_Name,Category_ID,Price,Stock) VALUES (451,'Product_451',24,93.67,433);
INSERT INTO products(Product_ID,Product_Name,Category_ID,Price,Stock) VALUES (452,'Product_452',8,569.14,191);
INSERT INTO products(Product_ID,Product_Name,Category_ID,Price,Stock) VALUES (453,'Product_453',25,541.79,426);
INSERT INTO products(Product_ID,Product_Name,Category_ID,Price,Stock) VALUES (454,'Product_454',40,14.53,27);
INSERT INTO products(Product_ID,Product_Name,Category_ID,Price,Stock) VALUES (455,'Product_455',42,171.69,49);
INSERT INTO products(Product_ID,Product_Name,Category_ID,Price,Stock) VALUES (456,'Product_456',31,798.8,319);
INSERT INTO products(Product_ID,Product_Name,Category_ID,Price,Stock) VALUES (457,'Product_457',38,979.99,232);
INSERT INTO products(Product_ID,Product_Name,Category_ID,Price,Stock) VALUES (458,'Product_458',45,987.12,487);
INSERT INTO products(Product_ID,Product_Name,Category_ID,Price,Stock) VALUES (459,'Product_459',37,864.97,200);
INSERT INTO products(Product_ID,Product_Name,Category_ID,Price,Stock) VALUES (460,'Product_460',38,83.8,139);
INSERT INTO products(Product_ID,Product_Name,Category_ID,Price,Stock) VALUES (461,'Product_461',45,621.72,279);
INSERT INTO products(Product_ID,Product_Name,Category_ID,Price,Stock) VALUES (462,'Product_462',9,468.78,140);
INSERT INTO products(Product_ID,Product_Name,Category_ID,Price,Stock) VALUES (463,'Product_463',24,859.68,325);
INSERT INTO products(Product_ID,Product_Name,Category_ID,Price,Stock) VALUES (464,'Product_464',1,450.77,292);
INSERT INTO products(Product_ID,Product_Name,Category_ID,Price,Stock) VALUES (465,'Product_465',2,212.63,212);
INSERT INTO products(Product_ID,Product_Name,Category_ID,Price,Stock) VALUES (466,'Product_466',43,386.53,159);
INSERT INTO products(Product_ID,Product_Name,Category_ID,Price,Stock) VALUES (467,'Product_467',39,862.72,261);
INSERT INTO products(Product_ID,Product_Name,Category_ID,Price,Stock) VALUES (468,'Product_468',35,651.74,296);
INSERT INTO products(Product_ID,Product_Name,Category_ID,Price,Stock) VALUES (469,'Product_469',7,790.78,117);
INSERT INTO products(Product_ID,Product_Name,Category_ID,Price,Stock) VALUES (470,'Product_470',14,290.05,69);
INSERT INTO products(Product_ID,Product_Name,Category_ID,Price,Stock) VALUES (471,'Product_471',45,639.06,64);
INSERT INTO products(Product_ID,Product_Name,Category_ID,Price,Stock) VALUES (472,'Product_472',7,197.99,84);
INSERT INTO products(Product_ID,Product_Name,Category_ID,Price,Stock) VALUES (473,'Product_473',13,472.07,3);
INSERT INTO products(Product_ID,Product_Name,Category_ID,Price,Stock) VALUES (474,'Product_474',12,201.55,294);
INSERT INTO products(Product_ID,Product_Name,Category_ID,Price,Stock) VALUES (475,'Product_475',41,439.85,214);
INSERT INTO products(Product_ID,Product_Name,Category_ID,Price,Stock) VALUES (476,'Product_476',37,717.29,493);
INSERT INTO products(Product_ID,Product_Name,Category_ID,Price,Stock) VALUES (477,'Product_477',49,263.06,110);
INSERT INTO products(Product_ID,Product_Name,Category_ID,Price,Stock) VALUES (478,'Product_478',12,423.35,237);
INSERT INTO products(Product_ID,Product_Name,Category_ID,Price,Stock) VALUES (479,'Product_479',12,261.18,471);
INSERT INTO products(Product_ID,Product_Name,Category_ID,Price,Stock) VALUES (480,'Product_480',1,135.08,201);
INSERT INTO products(Product_ID,Product_Name,Category_ID,Price,Stock) VALUES (481,'Product_481',27,212.68,80);
INSERT INTO products(Product_ID,Product_Name,Category_ID,Price,Stock) VALUES (482,'Product_482',40,768.7,68);
INSERT INTO products(Product_ID,Product_Name,Category_ID,Price,Stock) VALUES (483,'Product_483',16,675.11,146);
INSERT INTO products(Product_ID,Product_Name,Category_ID,Price,Stock) VALUES (484,'Product_484',18,998.9,335);
INSERT INTO products(Product_ID,Product_Name,Category_ID,Price,Stock) VALUES (485,'Product_485',40,695.92,490);
INSERT INTO products(Product_ID,Product_Name,Category_ID,Price,Stock) VALUES (486,'Product_486',40,804.35,428);
INSERT INTO products(Product_ID,Product_Name,Category_ID,Price,Stock) VALUES (487,'Product_487',24,289.25,72);
INSERT INTO products(Product_ID,Product_Name,Category_ID,Price,Stock) VALUES (488,'Product_488',30,359.03,126);
INSERT INTO products(Product_ID,Product_Name,Category_ID,Price,Stock) VALUES (489,'Product_489',32,315.47,209);
INSERT INTO products(Product_ID,Product_Name,Category_ID,Price,Stock) VALUES (490,'Product_490',3,199.16,40);
INSERT INTO products(Product_ID,Product_Name,Category_ID,Price,Stock) VALUES (491,'Product_491',5,29.2,411);
INSERT INTO products(Product_ID,Product_Name,Category_ID,Price,Stock) VALUES (492,'Product_492',44,491.61,233);
INSERT INTO products(Product_ID,Product_Name,Category_ID,Price,Stock) VALUES (493,'Product_493',32,266.3,413);
INSERT INTO products(Product_ID,Product_Name,Category_ID,Price,Stock) VALUES (494,'Product_494',18,465.71,246);
INSERT INTO products(Product_ID,Product_Name,Category_ID,Price,Stock) VALUES (495,'Product_495',32,629.96,467);
INSERT INTO products(Product_ID,Product_Name,Category_ID,Price,Stock) VALUES (496,'Product_496',46,371.99,70);
INSERT INTO products(Product_ID,Product_Name,Category_ID,Price,Stock) VALUES (497,'Product_497',44,894.46,448);
INSERT INTO products(Product_ID,Product_Name,Category_ID,Price,Stock) VALUES (498,'Product_498',22,904.76,384);
INSERT INTO products(Product_ID,Product_Name,Category_ID,Price,Stock) VALUES (499,'Product_499',30,626.33,315);
INSERT INTO products(Product_ID,Product_Name,Category_ID,Price,Stock) VALUES (500,'Product_500',22,384.83,266);


-- =====================================================================
-- E-COMMERCE SALES & CUSTOMER ANALYTICS
-- Database   : ecommerce_analysis
-- Tables     : categories, customers, orders, products
-- Author     : [Your Name]
-- Purpose    : End-to-end SQL analysis covering revenue performance,
--              customer behaviour, product performance and inventory
--              risk, built entirely in MySQL (compatible with 8.0+
--              window function / CTE syntax).
-- Notes      : Run this AFTER the ecommerce_analysis_sql_script.sql
--              file (schema + data) has already been executed in
--              MySQL Workbench.
-- =====================================================================

USE ecommerce_analysis;
